ligand,target,affinity,smiles,pose_pdbqt,papel,quimia
ACT_isoproterenol,SOD1,-4.636,CC(C)NC[C@@H](c1ccc(c(c1)O)O)O,/home/ubuntu/mmgbsa/estratos/poses/ACT_isoproterenol_out.pdbqt,positivo,catecolamina
ACT_adrenalina,SOD1,-4.555,CNC[C@@H](c1ccc(c(c1)O)O)O,/home/ubuntu/mmgbsa/estratos/poses/ACT_adrenalina_out.pdbqt,positivo,catecolamina
ACT_dopamina,SOD1,-4.553,c1cc(c(cc1CCN)O)O,/home/ubuntu/mmgbsa/estratos/poses/ACT_dopamina_out.pdbqt,positivo,catecolamina
ACT_5-fluorouridina,SOD1,-4.850,C1=C(C(=O)NC(=O)N1[C@H]2[C@@H]([C@@H]([C@H](O2)CO)O)O)F,/home/ubuntu/mmgbsa/estratos/poses/ACT_5-fluorouridina_out.pdbqt,positivo,nucleosido
ACT_quinazolina_12I,SOD1,-4.961,CN1CCN(CC1)c2c3ccccc3ncn2,/home/ubuntu/mmgbsa/estratos/poses/ACT_quinazolina_12I_out.pdbqt,positivo,quinazolina
ACT_diazepanoquinazolina_4MQ,SOD1,-4.812,CN1CCCN(CC1)c2c3ccccc3ncn2,/home/ubuntu/mmgbsa/estratos/poses/ACT_diazepanoquinazolina_4MQ_out.pdbqt,positivo,quinazolina
ACT_cf3quinazolina_ZO0,SOD1,-5.533,CN1CCCN(CC1)c2c3ccccc3nc(n2)C(F)(F)F,/home/ubuntu/mmgbsa/estratos/poses/ACT_cf3quinazolina_ZO0_out.pdbqt,positivo,quinazolina-CF3
ACT_anilina_ZZT,SOD1,-4.279,Cc1ccc(c(c1)N)OC,/home/ubuntu/mmgbsa/estratos/poses/ACT_anilina_ZZT_out.pdbqt,positivo,anilina
ACT_paliperidona_K4I,SOD1,-6.727,CC1=C(C(=O)N2CCC[C@H](C2=N1)O)CCN3CCC(CC3)c4c5ccc(cc5on4)F,/home/ubuntu/mmgbsa/estratos/poses/ACT_paliperidona_K4I_out.pdbqt,positivo,benzisoxazol-piperidina
ACT_Lig9_6B3,SOD1,-6.334,c1ccc2c(c1)-c3ccc(cc3NC2=O)NC(=O)c4ccccc4c5ccccc5C(=O)O,/home/ubuntu/mmgbsa/estratos/poses/ACT_Lig9_6B3_out.pdbqt,positivo,fenantridinona
ACT_naftalenoaminoalcohol_946,SOD1,-6.846,c1ccc2cc(ccc2c1)CNC[C@@H](c3ccc(c(c3)O)O)O,/home/ubuntu/mmgbsa/estratos/poses/ACT_naftalenoaminoalcohol_946_out.pdbqt,positivo,aminoalcohol naftenico
DECH_CHEMBL1201317,SOD1,-3.791,O=P(O)(O)OCC(Cl)(Cl)Cl,/home/ubuntu/mmgbsa/estratos/poses/DECH_CHEMBL1201317_out.pdbqt,fondo,emparejado con anilina_ZZT (10 atomos)
DECM_CHEMBL978,SOD1,-3.516,CC(=O)OC(C)C[N+](C)(C)C,/home/ubuntu/mmgbsa/estratos/poses/DECM_CHEMBL978_out.pdbqt,fondo,emparejado con dopamina (11 atomos)
DECM_CHEMBL108545,SOD1,-4.551,COC(=O)c1ccccc1O,/home/ubuntu/mmgbsa/estratos/poses/DECM_CHEMBL108545_out.pdbqt,fondo,emparejado con dopamina (11 atomos)
DECM_CHEMBL877,SOD1,-4.241,NC[C@H]1CC[C@H](C(=O)O)CC1,/home/ubuntu/mmgbsa/estratos/poses/DECM_CHEMBL877_out.pdbqt,fondo,emparejado con dopamina (11 atomos)
DECH_CHEMBL871,SOD1,-3.884,CC(O)(P(=O)(O)O)P(=O)(O)O,/home/ubuntu/mmgbsa/estratos/poses/DECH_CHEMBL871_out.pdbqt,fondo,emparejado con dopamina (11 atomos)
DECM_CHEMBL39736,SOD1,-4.370,CCCCNC(=N)NC(=N)N,/home/ubuntu/mmgbsa/estratos/poses/DECM_CHEMBL39736_out.pdbqt,fondo,emparejado con dopamina (11 atomos)
DECM_CHEMBL1546,SOD1,-4.491,CC(N)Cc1ccc(O)cc1,/home/ubuntu/mmgbsa/estratos/poses/DECM_CHEMBL1546_out.pdbqt,fondo,emparejado con dopamina (11 atomos)
DECM_CHEMBL61006,SOD1,-4.560,CC(N)C(O)c1ccccc1,/home/ubuntu/mmgbsa/estratos/poses/DECM_CHEMBL61006_out.pdbqt,fondo,emparejado con anilina_ZZT (10 atomos)
DECM_CHEMBL704,SOD1,-4.600,Nc1ccc(O)c(C(=O)O)c1,/home/ubuntu/mmgbsa/estratos/poses/DECM_CHEMBL704_out.pdbqt,fondo,emparejado con anilina_ZZT (10 atomos)
DECM_CHEMBL1201293,SOD1,-4.061,CC(=O)NCCCS(=O)(=O)O,/home/ubuntu/mmgbsa/estratos/poses/DECM_CHEMBL1201293_out.pdbqt,fondo,emparejado con anilina_ZZT (10 atomos)
DECM_CHEMBL112,SOD1,-4.403,CC(=O)Nc1ccc(O)cc1,/home/ubuntu/mmgbsa/estratos/poses/DECM_CHEMBL112_out.pdbqt,fondo,emparejado con anilina_ZZT (10 atomos)
DECM_CHEMBL1100,SOD1,-4.048,CCC1(C)OC(=O)N(C)C1=O,/home/ubuntu/mmgbsa/estratos/poses/DECM_CHEMBL1100_out.pdbqt,fondo,emparejado con anilina_ZZT (10 atomos)
DECM_CHEMBL92401,SOD1,-4.648,CC(C)NNC(=O)c1ccncc1,/home/ubuntu/mmgbsa/estratos/poses/DECM_CHEMBL92401_out.pdbqt,fondo,emparejado con adrenalina (13 atomos)
DECM_CHEMBL25,SOD1,-4.619,CC(=O)Oc1ccccc1C(=O)O,/home/ubuntu/mmgbsa/estratos/poses/DECM_CHEMBL25_out.pdbqt,fondo,emparejado con adrenalina (13 atomos)
DECM_CHEMBL1201260,SOD1,-4.683,C/N=C(\NC)NCc1ccccc1,/home/ubuntu/mmgbsa/estratos/poses/DECM_CHEMBL1201260_out.pdbqt,fondo,emparejado con adrenalina (13 atomos)
DECM_CHEMBL229128,SOD1,-5.146,Cc1ccccc1OCC(O)CO,/home/ubuntu/mmgbsa/estratos/poses/DECM_CHEMBL229128_out.pdbqt,fondo,emparejado con adrenalina (13 atomos)
DECM_CHEMBL289480,SOD1,-4.546,C1COC(NC(C2CC2)C2CC2)=N1,/home/ubuntu/mmgbsa/estratos/poses/DECM_CHEMBL289480_out.pdbqt,fondo,emparejado con adrenalina (13 atomos)
DECM_CHEMBL1177,SOD1,-5.256,NC1=NC(=O)C(c2ccccc2)O1,/home/ubuntu/mmgbsa/estratos/poses/DECM_CHEMBL1177_out.pdbqt,fondo,emparejado con adrenalina (13 atomos)
DECM_CHEMBL979,SOD1,-4.502,CCCC(C)(COC(N)=O)COC(N)=O,/home/ubuntu/mmgbsa/estratos/poses/DECM_CHEMBL979_out.pdbqt,fondo,emparejado con isoproterenol (15 atomos)
DECM_CHEMBL524,SOD1,-4.738,COc1ccc(OC)c(C(O)C(C)N)c1,/home/ubuntu/mmgbsa/estratos/poses/DECM_CHEMBL524_out.pdbqt,fondo,emparejado con isoproterenol (15 atomos)
DECM_CHEMBL170988,SOD1,-5.927,N=C(N)NC(=N)NCCc1ccccc1,/home/ubuntu/mmgbsa/estratos/poses/DECM_CHEMBL170988_out.pdbqt,fondo,emparejado con isoproterenol (15 atomos)
DECM_CHEMBL1509423,SOD1,-5.032,Nc1nnc(Cc2ccc(Cl)c(Cl)c2)s1,/home/ubuntu/mmgbsa/estratos/poses/DECM_CHEMBL1509423_out.pdbqt,fondo,emparejado con isoproterenol (15 atomos)
DECM_CHEMBL459,SOD1,-4.798,C[C@](N)(Cc1ccc(O)c(O)c1)C(=O)O,/home/ubuntu/mmgbsa/estratos/poses/DECM_CHEMBL459_out.pdbqt,fondo,emparejado con isoproterenol (15 atomos)
DECM_CHEMBL550,SOD1,-4.439,CC[C@@H]1C(=O)OC[C@@H]1Cc1cncn1C,/home/ubuntu/mmgbsa/estratos/poses/DECM_CHEMBL550_out.pdbqt,fondo,emparejado con isoproterenol (15 atomos)
DEC_Arimoclomol,SOD1,-5.026,Cc1nc(C(=O)NCc2ccccc2Cl)no1,/home/ubuntu/mmgbsa/estratos/poses/DEC_Arimoclomol_out.pdbqt,fondo,emparejado con quinazolina_12I (17 atomos)
DECH_CHEMBL923,SOD1,-4.717,O=P(O)(O)C(O)(Cc1cccnc1)P(=O)(O)O,/home/ubuntu/mmgbsa/estratos/poses/DECH_CHEMBL923_out.pdbqt,fondo,emparejado con quinazolina_12I (17 atomos)
DEC_CHEMBL1091584,SOD1,-5.184,O=c1cc(NC2CC=C(Cl)C=C2F)[nH]c(=O)[nH]1,/home/ubuntu/mmgbsa/estratos/poses/DEC_CHEMBL1091584_out.pdbqt,fondo,emparejado con quinazolina_12I (17 atomos)
DECH_CHEMBL1201117,SOD1,-5.074,COc1ccccc1OCC(O)COC(N)=O,/home/ubuntu/mmgbsa/estratos/poses/DECH_CHEMBL1201117_out.pdbqt,fondo,emparejado con quinazolina_12I (17 atomos)
DECH_CHEMBL1437579,SOD1,-5.533,Oc1nc(S)nnc1Cc1ccc(Cl)c(Cl)c1,/home/ubuntu/mmgbsa/estratos/poses/DECH_CHEMBL1437579_out.pdbqt,fondo,emparejado con quinazolina_12I (17 atomos)
DECH_CHEMBL849,SOD1,-5.128,Oc1cc(Cl)ccc1Oc1ccc(Cl)cc1Cl,/home/ubuntu/mmgbsa/estratos/poses/DECH_CHEMBL849_out.pdbqt,fondo,emparejado con quinazolina_12I (17 atomos)
DECH_CHEMBL4298137,SOD1,-4.858,CC1=C[C@@H]2CN(C(=O)N2OS(=O)(=O)O)[C@@H]1C(N)=O,/home/ubuntu/mmgbsa/estratos/poses/DECH_CHEMBL4298137_out.pdbqt,fondo,emparejado con 5-fluorouridina (18 atomos)
DECM_CHEMBL1483,SOD1,-4.539,CCCSc1ccc2[nH]c(NC(=O)OC)nc2c1,/home/ubuntu/mmgbsa/estratos/poses/DECM_CHEMBL1483_out.pdbqt,fondo,emparejado con 5-fluorouridina (18 atomos)
DECH_CHEMBL4594379,SOD1,-5.122,N[C@@H](Cc1ccc(OP(=O)(O)O)c(O)c1)C(=O)O,/home/ubuntu/mmgbsa/estratos/poses/DECH_CHEMBL4594379_out.pdbqt,fondo,emparejado con 5-fluorouridina (18 atomos)
DECM_CHEMBL898,SOD1,-5.777,O=C(O)c1cc(-c2ccc(F)cc2F)ccc1O,/home/ubuntu/mmgbsa/estratos/poses/DECM_CHEMBL898_out.pdbqt,fondo,emparejado con 5-fluorouridina (18 atomos)
DEC_CHEMBL1092604,SOD1,-5.474,O=c1[nH]nc(SCc2c(F)cccc2Cl)c(=O)[nH]1,/home/ubuntu/mmgbsa/estratos/poses/DEC_CHEMBL1092604_out.pdbqt,fondo,emparejado con 5-fluorouridina (18 atomos)
DEC_CHEMBL1414576,SOD1,-4.527,CC(C)(C)N=C(S)NCc1ccc2c(c1)OCO2,/home/ubuntu/mmgbsa/estratos/poses/DEC_CHEMBL1414576_out.pdbqt,fondo,emparejado con 5-fluorouridina (18 atomos)
DECM_CHEMBL1728134,SOD1,-5.033,CC(C)Cc1csc(NC(=O)C(C)C)c1C(=O)O,/home/ubuntu/mmgbsa/estratos/poses/DECM_CHEMBL1728134_out.pdbqt,fondo,emparejado con diazepanoquinazolina_4MQ (18 atomos)
DEC_CHEMBL1373785,SOD1,-5.264,CCCc1cc(C(=O)Nc2ccc(C)cc2)no1,/home/ubuntu/mmgbsa/estratos/poses/DEC_CHEMBL1373785_out.pdbqt,fondo,emparejado con diazepanoquinazolina_4MQ (18 atomos)
DEC_CHEMBL1461506,SOD1,-5.847,O=C(Nc1nccs1)c1ccc2ccccc2c1,/home/ubuntu/mmgbsa/estratos/poses/DEC_CHEMBL1461506_out.pdbqt,fondo,emparejado con diazepanoquinazolina_4MQ (18 atomos)
DECM_CHEMBL1969867,SOD1,-4.916,CCCCSC(=N)N/N=C/c1cc(C)ccc1O,/home/ubuntu/mmgbsa/estratos/poses/DECM_CHEMBL1969867_out.pdbqt,fondo,emparejado con diazepanoquinazolina_4MQ (18 atomos)
DEC_CHEMBL1440455,SOD1,-5.031,Cc1cc(C(=O)Nc2ccc([N+](=O)[O-])cn2)cs1,/home/ubuntu/mmgbsa/estratos/poses/DEC_CHEMBL1440455_out.pdbqt,fondo,emparejado con diazepanoquinazolina_4MQ (18 atomos)
DEC_5-HYDROXYFLAVONE,SOD1,-5.964,O=c1cc(-c2ccccc2)oc2cccc(O)c12,/home/ubuntu/mmgbsa/estratos/poses/DEC_5-HYDROXYFLAVONE_out.pdbqt,fondo,emparejado con diazepanoquinazolina_4MQ (18 atomos)
DECH_CHEMBL1256841,SOD1,-5.806,O=C(CCNNC(=O)c1ccncc1)NCc1ccccc1,/home/ubuntu/mmgbsa/estratos/poses/DECH_CHEMBL1256841_out.pdbqt,fondo,emparejado con cf3quinazolina_ZO0 (22 atomos)
DECH_CHEMBL1310629,SOD1,-5.743,COc1ccc(/C=C2\COc3ccccc3C2=O)cc1OC,/home/ubuntu/mmgbsa/estratos/poses/DECH_CHEMBL1310629_out.pdbqt,fondo,emparejado con cf3quinazolina_ZO0 (22 atomos)
DECH_CHEMBL1486005,SOD1,-5.556,O=C(COc1ccc(F)cc1)Nc1ccc2c(c1)OCCO2,/home/ubuntu/mmgbsa/estratos/poses/DECH_CHEMBL1486005_out.pdbqt,fondo,emparejado con cf3quinazolina_ZO0 (22 atomos)
DECH_CHEMBL1601733,SOD1,-5.950,CC(SCc1ccccc1)C(=O)Nc1ccc2c(c1)OCO2,/home/ubuntu/mmgbsa/estratos/poses/DECH_CHEMBL1601733_out.pdbqt,fondo,emparejado con cf3quinazolina_ZO0 (22 atomos)
DECH_CHEMBL1457,SOD1,-5.268,COc1ccc2c3c1O[C@H]1C(=O)CC[C@H]4[C@@H](C2)N(C)CC[C@]314,/home/ubuntu/mmgbsa/estratos/poses/DECH_CHEMBL1457_out.pdbqt,fondo,emparejado con cf3quinazolina_ZO0 (22 atomos)
DECH_CHEMBL294199,SOD1,-5.543,COc1cc(CNC(=O)CCCC/C=C/C(C)C)ccc1O,/home/ubuntu/mmgbsa/estratos/poses/DECH_CHEMBL294199_out.pdbqt,fondo,emparejado con cf3quinazolina_ZO0 (22 atomos)
DECH_CHEMBL953,SOD1,-5.035,CCN(CC)C(=O)/C(C#N)=C/c1cc(O)c(O)c([N+](=O)[O-])c1,/home/ubuntu/mmgbsa/estratos/poses/DECH_CHEMBL953_out.pdbqt,fondo,repartido por tamaño (cuantil 33/45)
DECH_CHEMBL1418679,SOD1,-5.499,COc1ccc(C(=O)Nc2ccc3ccccc3n2)cc1OC,/home/ubuntu/mmgbsa/estratos/poses/DECH_CHEMBL1418679_out.pdbqt,fondo,emparejado con naftalenoaminoalcohol_946 (23 atomos)
DECH_CHEMBL1485521,SOD1,-4.951,COc1ccccc1OCCn1c(C)c(C=O)c2ccccc21,/home/ubuntu/mmgbsa/estratos/poses/DECH_CHEMBL1485521_out.pdbqt,fondo,emparejado con naftalenoaminoalcohol_946 (23 atomos)
DECH_CHEMBL1311703,SOD1,-6.101,O=C(Nc1cccc2cccnc12)c1ccc2c(c1)OCCO2,/home/ubuntu/mmgbsa/estratos/poses/DECH_CHEMBL1311703_out.pdbqt,fondo,emparejado con naftalenoaminoalcohol_946 (23 atomos)
DECH_CHEMBL1507664,SOD1,-5.408,CCOc1ccc(C(C)N=C(S)NCc2ccc(F)cc2)cc1,/home/ubuntu/mmgbsa/estratos/poses/DECH_CHEMBL1507664_out.pdbqt,fondo,emparejado con naftalenoaminoalcohol_946 (23 atomos)
DEC_CHEMBL1322610,SOD1,-5.172,Cc1ccc(Cl)cc1-n1c(CCC(=O)O)ccc1-c1cccs1,/home/ubuntu/mmgbsa/estratos/poses/DEC_CHEMBL1322610_out.pdbqt,fondo,emparejado con naftalenoaminoalcohol_946 (23 atomos)
DECH_CHEMBL8488,SOD1,-5.162,Cn1c(=O)c2nc(-c3ccc(S(=O)(=O)O)cc3)[nH]c2n(C)c1=O,/home/ubuntu/mmgbsa/estratos/poses/DECH_CHEMBL8488_out.pdbqt,fondo,emparejado con naftalenoaminoalcohol_946 (23 atomos)
DECH_CHEMBL656,SOD1,-5.621,COc1ccc2c3c1O[C@H]1C(=O)CC[C@@]4(O)[C@@H](C2)N(C)CC[C@]314,/home/ubuntu/mmgbsa/estratos/poses/DECH_CHEMBL656_out.pdbqt,fondo,repartido por tamaño (cuantil 34/45)
DECH_CHEMBL1201251,SOD1,-6.048,Oc1ccc(CCCCNC[C@H](O)c2ccc(O)c(O)c2)cc1,/home/ubuntu/mmgbsa/estratos/poses/DECH_CHEMBL1201251_out.pdbqt,fondo,repartido por tamaño (cuantil 35/45)
DEC_CHEMBL1558140,SOD1,-5.507,COCCNC(=O)c1cc2c(-c3ccc(Cl)cc3)nn(C)c2s1,/home/ubuntu/mmgbsa/estratos/poses/DEC_CHEMBL1558140_out.pdbqt,fondo,repartido por tamaño (cuantil 36/45)
DECH_CHEMBL490,SOD1,-6.213,Fc1ccc([C@@H]2CCNC[C@H]2COc2ccc3c(c2)OCO3)cc1,/home/ubuntu/mmgbsa/estratos/poses/DECH_CHEMBL490_out.pdbqt,fondo,repartido por tamaño (cuantil 37/45)
DECH_CHEMBL105,SOD1,-5.134,CO[C@@]12[C@H](COC(N)=O)C3=C(C(=O)C(C)=C(N)C3=O)N1C[C@@H]1N[C@@H]12,/home/ubuntu/mmgbsa/estratos/poses/DECH_CHEMBL105_out.pdbqt,fondo,repartido por tamaño (cuantil 38/45)
DEC_CHEMBL2143380,SOD1,-5.739,COCc1cccc(-c2csc(C(O)c3cccc(OC)c3)n2)c1,/home/ubuntu/mmgbsa/estratos/poses/DEC_CHEMBL2143380_out.pdbqt,fondo,repartido por tamaño (cuantil 39/45)
DECH_CHEMBL3309988,SOD1,-6.202,Nc1nc2c3ccc(F)cc3nc(Cc3ccc4c(c3)OCO4)n2n1,/home/ubuntu/mmgbsa/estratos/poses/DECH_CHEMBL3309988_out.pdbqt,fondo,repartido por tamaño (cuantil 40/45)
DECH_CHEMBL25014,SOD1,-6.372,c1ccc([C@@H]2CCN(C[C@@H]3CCCc4c3ccc3c4OCO3)C2)cc1,/home/ubuntu/mmgbsa/estratos/poses/DECH_CHEMBL25014_out.pdbqt,fondo,repartido por tamaño (cuantil 41/45)
DEC_CHEMBL1570226,SOD1,-5.149,CCCC1C2C(=O)N(c3cccc(C)c3)C(=O)C2ON1c1ccccc1,/home/ubuntu/mmgbsa/estratos/poses/DEC_CHEMBL1570226_out.pdbqt,fondo,repartido por tamaño (cuantil 42/45)
DECM_CHEMBL473417,SOD1,-5.952,CS(=O)(=O)c1ccc(C(=O)Nc2ccc(Cl)c(-c3ccccn3)c2)c(Cl)c1,/home/ubuntu/mmgbsa/estratos/poses/DECM_CHEMBL473417_out.pdbqt,fondo,repartido por tamaño (cuantil 43/45)
DECM_CHEMBL17224,SOD1,-6.699,CS(=O)(=O)NCc1ccc(-c2nc(-c3ccc(F)cc3)c(-c3ccncc3)[nH]2)cc1,/home/ubuntu/mmgbsa/estratos/poses/DECM_CHEMBL17224_out.pdbqt,fondo,emparejado con paliperidona_K4I (31 atomos)
DECM_CHEMBL20651,SOD1,-7.138,Cc1cc(C(=O)Nc2ccc(C(=N)N(C)C)s2)n(-c2cc3ccccc3cc2F)n1,/home/ubuntu/mmgbsa/estratos/poses/DECM_CHEMBL20651_out.pdbqt,fondo,repartido por tamaño (cuantil 44/45)
DECM_CHEMBL4435214,SOD1,-6.652,Cc1cc(C)c(Oc2nc(N)nc(Nc3ccc(CN4CCOCC4)cc3)n2)c(C)c1,/home/ubuntu/mmgbsa/estratos/poses/DECM_CHEMBL4435214_out.pdbqt,fondo,emparejado con paliperidona_K4I (31 atomos)
DECM_CHEMBL9250,SOD1,-7.229,O=C1c2ccccc2CCCN1CCN1CCC(n2c(=O)oc3cc(F)ccc32)CC1,/home/ubuntu/mmgbsa/estratos/poses/DECM_CHEMBL9250_out.pdbqt,fondo,emparejado con paliperidona_K4I (31 atomos)
DECM_CHEMBL15139,SOD1,-6.289,COc1ccc(NC(=O)NCCc2c[nH]c3ccc(O)cc23)cc1N1CCN(C)CC1,/home/ubuntu/mmgbsa/estratos/poses/DECM_CHEMBL15139_out.pdbqt,fondo,emparejado con paliperidona_K4I (31 atomos)
DEC_CHEMBL1472702,SOD1,-6.677,Cc1ccc2c(c1)-c1c(cnn1CC(=O)N1CCN(c3cc(C)ccc3C)CC1)CO2,/home/ubuntu/mmgbsa/estratos/poses/DEC_CHEMBL1472702_out.pdbqt,fondo,emparejado con paliperidona_K4I (31 atomos)
DECM_CHEMBL14043,SOD1,-7.187,CC(=O)c1ccc2c(c1)OCC(CCN1CCC(c3noc4cc(F)ccc34)CC1)O2,/home/ubuntu/mmgbsa/estratos/poses/DECM_CHEMBL14043_out.pdbqt,fondo,emparejado con paliperidona_K4I (31 atomos)
DECM_CHEMBL1431783,SOD1,-5.940,COc1cccc(-c2cc3nc4c(c(N5CCC6(CC5)OCCO6)n3n2)CCCC4)c1,/home/ubuntu/mmgbsa/estratos/poses/DECM_CHEMBL1431783_out.pdbqt,fondo,emparejado con Lig9_6B3 (33 atomos)
DEC_CHEMBL1441905,SOD1,-5.269,COC(=O)C1=C(c2ccc(-c3ccccc3)c(F)c2)C[C@@H]2CC[C@H]1N2C(=O)NC(C)C,/home/ubuntu/mmgbsa/estratos/poses/DEC_CHEMBL1441905_out.pdbqt,fondo,emparejado con Lig9_6B3 (33 atomos)
DEC_CHEMBL1431783,SOD1,-5.986,COc1cccc(-c2cc3nc4c(c(N5CCC6(CC5)OCCO6)n3n2)CCCC4)c1,/home/ubuntu/mmgbsa/estratos/poses/DEC_CHEMBL1431783_out.pdbqt,fondo,emparejado con Lig9_6B3 (33 atomos)
DEC_CHEMBL1731670,SOD1,-5.392,O=C(c1cnn(-c2ccc(F)cc2)c1-n1cccc1)N1CCN(c2ccccc2)CC1,/home/ubuntu/mmgbsa/estratos/poses/DEC_CHEMBL1731670_out.pdbqt,fondo,emparejado con Lig9_6B3 (33 atomos)
DECM_CHEMBL4435669,SOD1,-6.339,C[C@H]1CCCn2ncc(-c3nc(Nc4ccc(N5CCN(C)CC5)cn4)ncc3F)c21,/home/ubuntu/mmgbsa/estratos/poses/DECM_CHEMBL4435669_out.pdbqt,fondo,emparejado con Lig9_6B3 (33 atomos)
DECM_CHEMBL28286,SOD1,-5.793,Cn1cc(C(=O)O)c(=O)c2c3cc(N4C[C@@]5(C)C[C@@H]4CC(C)(C)C5)c(F)cc3ncc21,/home/ubuntu/mmgbsa/estratos/poses/DECM_CHEMBL28286_out.pdbqt,fondo,emparejado con Lig9_6B3 (33 atomos)
DECM_CHEMBL4435035,SOD1,-6.600,CN1CC2(CCN(c3ncc(-c4ccc5c(Nc6cnccn6)ccnc5c4)cn3)C2)C1,/home/ubuntu/mmgbsa/estratos/poses/DECM_CHEMBL4435035_out.pdbqt,fondo,repartido por tamaño (cuantil 45/45)
