ligand,papel,afinidad,pesados,puesto_fondo1,puesto_fondo2,residual
DECM_CHEMBL21594,fondo,-7.464,30,1,,
DECM_CHEMBL9250,fondo,-7.229,31,2,,
DECM_CHEMBL14043,fondo,-7.187,31,3,,
DECM_CHEMBL20651,fondo,-7.138,30,4,,
DECH_CHEMBL27556,fondo2,-6.988,24,5,,
DECM_CHEMBL4553656,fondo,-6.976,30,6,,
DECM_CHEMBL4436558,fondo,-6.862,32,7,,
DEC_CHEMBL1491654,fondo,-6.861,26,8,,
DECM_CHEMBL124937,fondo,-6.858,19,9,,
naftalenoaminoalcohol_946,positivo,-6.846,23,,,
DECH_CHEMBL26518,fondo2,-6.794,24,10,,
DECM_CHEMBL584766,fondo,-6.769,30,11,,
paliperidona_K4I,positivo,-6.727,31,,,
DECH_CHEMBL28280,fondo2,-6.71,24,12,,
DECM_CHEMBL17224,fondo,-6.699,30,13,,
DEC_CHEMBL1327582,fondo,-6.683,32,14,,
DEC_CHEMBL1472702,fondo,-6.677,31,15,,
DECM_CHEMBL4435214,fondo,-6.652,31,16,,
DEC_CHEMBL1395067,fondo,-6.624,26,17,,
DECH_CHEMBL1872278,fondo2,-6.623,25,18,,
DECM_CHEMBL4435035,fondo,-6.6,32,19,,
DEC_CHEMBL124937,fondo,-6.577,19,20,,
DEC_CHEMBL1437517,fondo,-6.57,23,21,,
DECH_CHEMBL1540525,fondo2,-6.544,23,22,,
DEC_CHEMBL1528023,fondo,-6.535,20,23,,
DEC_CHEMBL1491587,fondo,-6.525,18,24,,
"DEC_1,4-BIS(3'-PYRAZOLYLAMINO)BENZO[G]PHTHALAZINE",fondo,-6.516,26,25,,
DECH_CHEMBL1343730,fondo2,-6.438,23,26,,
DEC_CHEMBL1475748,fondo,-6.41,24,27,,
DECH_CHEMBL1877893,fondo2,-6.395,24,28,,
DEC_CHEMBL1731606,fondo,-6.377,18,29,,
DEC_CHEMBL1398411,fondo,-6.376,23,30,,
DECH_CHEMBL25014,fondo2,-6.372,25,31,,
DECH_CHEMBL398707,fondo2,-6.371,21,32,,
DEC_CHEMBL1554159,fondo,-6.358,24,33,,
DECM_CHEMBL1896432,fondo,-6.341,30,34,,
DECM_CHEMBL4435669,fondo,-6.339,31,35,,
Lig9_6B3,positivo,-6.334,33,,,
DECH_CHEMBL19130,fondo2,-6.334,21,36,,
DECH_CHEMBL20287,fondo2,-6.316,20,37,,
DECM_CHEMBL15139,fondo,-6.289,31,38,,
DEC_CHEMBL1575024,fondo,-6.285,23,39,,
DECH_CHEMBL3310377,fondo2,-6.283,23,40,,
DECH_CHEMBL1406300,fondo2,-6.27,23,41,,
DEC_CHEMBL1732240,fondo,-6.267,21,42,,
DEC_CHEMBL3214262,fondo,-6.262,26,43,,
DEC_CHEMBL1587018,fondo,-6.258,22,44,,
DEC_CHEMBL1708737,fondo,-6.256,26,45,,
DEC_CHEMBL267400,fondo,-6.256,20,46,,
DECH_CHEMBL20160,fondo2,-6.251,23,47,,
DECH_CHEMBL1162123,fondo2,-6.248,24,48,,
DECH_CHEMBL7790,fondo2,-6.245,22,49,,
DECH_CHEMBL70,fondo2,-6.244,21,50,,
DECH_CHEMBL19179,fondo2,-6.227,24,51,,
DECM_CHEMBL7969,fondo,-6.22,19,52,,
DEC_CHEMBL1330118,fondo,-6.218,26,53,,
DECH_CHEMBL490,fondo2,-6.213,24,54,,
DEC_CHEMBL1383019,fondo,-6.205,26,55,,
DEC_CHEMBL1470903,fondo,-6.203,29,56,,
DECH_CHEMBL3309988,fondo2,-6.202,25,57,,
DECM_CHEMBL267400,fondo,-6.202,20,58,,
DEC_CHEMBL1896432,fondo,-6.199,30,59,,
DECM_CHEMBL1304181,fondo,-6.177,29,60,,
DEC_CHEMBL1602967,fondo,-6.175,26,61,,
DECH_CHEMBL1324,fondo2,-6.167,20,62,,
DEC_CHEMBL1315185,fondo,-6.137,26,63,,
DEC_CHEMBL1732294,fondo,-6.115,23,64,,
DECM_CHEMBL4435744,fondo,-6.11,29,65,,
DECH_CHEMBL3309993,fondo2,-6.106,25,66,,
DECH_CHEMBL1311703,fondo2,-6.101,23,67,,
DECH_CHEMBL926,fondo2,-6.1,22,68,,
DECH_CHEMBL1304194,fondo2,-6.097,22,69,,
DEC_CHEMBL1390550,fondo,-6.085,21,70,,
DEC_CHEMBL1591882,fondo,-6.083,30,71,,
DECH_CHEMBL963,fondo2,-6.08,22,72,,
DECM_CHEMBL1591882,fondo,-6.068,30,73,,
DECH_CHEMBL7334,fondo2,-6.066,22,74,,
DEC_CHEMBL1547432,fondo,-6.058,18,75,,
DECH_CHEMBL1201251,fondo2,-6.048,23,76,,
DECH_CHEMBL1201273,fondo2,-6.044,24,77,,
DEC_CHEMBL272808,fondo,-6.011,23,78,,
DEC_IPRIFLAVONE,fondo,-6.01,21,79,,
DEC_CHEMBL1601845,fondo,-5.994,17,80,,
DECM_CHEMBL595793,fondo,-5.992,20,81,,
DEC_CHEMBL1321608,fondo,-5.992,22,82,,
DEC_CHEMBL1431783,fondo,-5.986,31,83,,
DECH_CHEMBL1597289,fondo2,-5.985,25,84,,
DECM_CHEMBL7946,fondo,-5.984,19,85,,
DEC_CHEMBL1896241,fondo,-5.977,22,86,,
DEC_CHEMBL1900310,fondo,-5.977,23,87,,
DEC_5-HYDROXYFLAVONE,fondo,-5.964,18,88,,
DECH_CHEMBL408513,fondo2,-5.96,22,89,,
DECM_CHEMBL473417,fondo,-5.952,27,90,,
DECH_CHEMBL1601733,fondo2,-5.95,22,91,,
DECH_CHEMBL3309985,fondo2,-5.95,24,92,,
DECM_CHEMBL1431783,fondo,-5.94,31,93,,
DECH_CHEMBL23647,fondo2,-5.936,24,94,,
DECH_CHEMBL3310302,fondo2,-5.934,23,95,,
DECH_CHEMBL588,fondo2,-5.934,21,96,,
DECM_CHEMBL170988,fondo,-5.927,15,97,,
DECH_CHEMBL313972,fondo2,-5.925,22,98,,
DEC_CHEMBL1476483,fondo,-5.923,24,99,,
DEC_CHEMBL1402356,fondo,-5.918,23,100,,
DEC_CHEMBL1304181,fondo,-5.911,29,101,,
DEC_CHEMBL1896176,fondo,-5.91,22,102,,
DECM_CHEMBL469,fondo,-5.905,19,103,,
DEC_Baicalein,fondo,-5.899,19,104,,
DEC_CHEMBL1452318,fondo,-5.893,21,105,,
DEC_CHEMBL2360645,fondo,-5.886,26,106,,
DECM_CHEMBL2165606,fondo,-5.885,16,107,,
DECH_CHEMBL53,fondo2,-5.883,20,108,,
DECM_CHEMBL465026,fondo,-5.876,19,109,,
DECH_CHEMBL1077248,fondo2,-5.872,25,110,,
DEC_CHEMBL1309718,fondo,-5.848,26,111,,
DEC_CHEMBL1461506,fondo,-5.847,18,112,,
DECH_CHEMBL1303069,fondo2,-5.834,20,113,,
DECM_CHEMBL27275,fondo,-5.834,32,114,,
DEC_CHEMBL1429038,fondo,-5.831,30,115,,
DECH_CHEMBL4543361,fondo2,-5.824,25,116,,
DEC_CHEMBL1579999,fondo,-5.822,25,117,,
DECH_CHEMBL10012,fondo2,-5.82,22,118,,
DEC_CHEMBL1502132,fondo,-5.808,20,119,,
DEC_Luteolin,fondo,-5.808,21,120,,
DECH_CHEMBL1256841,fondo2,-5.806,22,121,,
DEC_CHEMBL3208261,fondo,-5.805,22,122,,
DEC_Teriflunomide,fondo,-5.805,19,123,,
DECM_CHEMBL266960,fondo,-5.802,30,124,,
DECM_CHEMBL28286,fondo,-5.793,31,125,,
DEC_Apigenin,fondo,-5.791,20,126,,
DECM_CHEMBL1474963,fondo,-5.788,20,127,,
DECH_CHEMBL80,fondo2,-5.78,24,128,,
DECM_CHEMBL898,fondo,-5.777,18,129,,
DEC_CHEMBL1602108,fondo,-5.762,22,130,,
DEC_KAEMPFEROL,fondo,-5.759,21,131,,
DEC_CHEMBL1510247,fondo,-5.754,21,132,,
DECH_CHEMBL1310629,fondo2,-5.743,22,133,,
DEC_Quercetin,fondo,-5.74,22,134,,
DEC_CHEMBL2143380,fondo,-5.739,24,135,,
DECM_CHEMBL1461506,fondo,-5.734,18,136,,
DEC_CHEMBL1530615,fondo,-5.731,24,137,,
DECH_CHEMBL1362943,fondo2,-5.717,22,138,,
DEC_CHEMBL1373390,fondo,-5.715,26,139,,
DECM_CHEMBL648,fondo,-5.702,20,140,,
DEC_CHEMBL2165608,fondo,-5.701,18,141,,
DECH_CHEMBL1578770,fondo2,-5.699,21,142,,
DECM_CHEMBL21042,fondo,-5.696,32,143,,
DEC_Genistein,fondo,-5.691,20,144,,
DEC_CHEMBL3194612,fondo,-5.677,18,145,,
DEC_CHEMBL1374893,fondo,-5.657,20,146,,
DECH_CHEMBL1462043,fondo2,-5.633,21,147,,
DECM_CHEMBL1068,fondo,-5.623,19,148,,
DECH_CHEMBL656,fondo2,-5.621,23,149,,
DEC_CHEMBL1354314,fondo,-5.619,22,150,,
DEC_CHEMBL1474627,fondo,-5.618,24,151,,
DEC_CHEMBL1486005,fondo,-5.616,22,152,,
DECM_CHEMBL445,fondo,-5.612,20,153,,
DEC_CHEMBL1531633,fondo,-5.604,20,154,,
DEC_CHEMBL1570913,fondo,-5.604,24,155,,
DEC_CHEMBL1605531,fondo,-5.604,20,156,,
DEC_CHEMBL1343668,fondo,-5.599,21,157,,
DECH_CHEMBL329522,fondo2,-5.598,20,158,,
DEC_CHEMBL2179268,fondo,-5.595,19,159,,
DEC_CHEMBL1476890,fondo,-5.583,21,160,,
DECM_CHEMBL315985,fondo,-5.581,19,161,,
DEC_CHEMBL2142154,fondo,-5.575,24,162,,
DECM_CHEMBL282052,fondo,-5.573,19,163,,
DECM_CHEMBL1374893,fondo,-5.563,20,164,,
DECH_CHEMBL1486005,fondo2,-5.556,22,165,,
DECH_CHEMBL7855,fondo2,-5.551,20,166,,
DECH_CHEMBL294199,fondo2,-5.543,22,167,,
DEC_CHEMBL1437579,fondo,-5.541,17,168,,
cf3quinazolina_ZO0,positivo,-5.533,22,,,
DECH_CHEMBL1437579,fondo2,-5.533,17,169,,
DEC_CHEMBL166209,fondo,-5.533,21,170,,
DEC_CHEMBL1430765,fondo,-5.52,21,171,,
DEC_CHEMBL1462643,fondo,-5.52,23,172,,
DEC_CHEMBL1332994,fondo,-5.514,21,173,,
DECM_CHEMBL592,fondo,-5.511,19,174,,
DECM_CHEMBL72,fondo,-5.51,20,175,,
DEC_CHEMBL1558140,fondo,-5.507,23,176,,
DECH_CHEMBL1401346,fondo2,-5.506,22,177,,
DECH_CHEMBL1418679,fondo2,-5.499,23,178,,
DECH_CHEMBL311498,fondo2,-5.498,21,179,,
DECM_CHEMBL2165607,fondo,-5.491,16,180,,
DECM_CHEMBL1232461,fondo,-5.483,30,181,,
DEC_CHEMBL1570928,fondo,-5.481,20,182,,
DECH_CHEMBL1201168,fondo2,-5.474,17,183,,
DECH_CHEMBL4802240,fondo2,-5.474,20,184,,
DEC_CHEMBL1092604,fondo,-5.474,18,185,,
DECH_CHEMBL8960,fondo2,-5.471,24,186,,
DEC_CHEMBL1502123,fondo,-5.467,20,187,,
DEC_CHEMBL1346563,fondo,-5.462,20,188,,
DEC_CHEMBL1391531,fondo,-5.458,22,189,,
DECM_CHEMBL1909282,fondo,-5.453,16,190,,
DEC_CHEMBL1608506,fondo,-5.453,23,191,,
DECH_CHEMBL1595,fondo2,-5.451,22,192,,
DECH_CHEMBL1161220,fondo2,-5.449,21,193,,
DECM_CHEMBL1730073,fondo,-5.448,20,194,,
DECM_CHEMBL1939222,fondo,-5.446,16,195,,
DECM_CHEMBL861,fondo,-5.446,16,196,,
DECM_CHEMBL8328,fondo,-5.439,19,197,,
DEC_ONONETIN,fondo,-5.426,19,198,,
DECH_CHEMBL817,fondo2,-5.425,21,199,,
DECM_CHEMBL797,fondo,-5.425,14,200,,
DEC_CHEMBL1524176,fondo,-5.415,20,201,,
DEC_CHEMBL1470097,fondo,-5.411,19,202,,
DECH_CHEMBL1507664,fondo2,-5.408,23,203,,
DECH_CHEMBL1530615,fondo2,-5.407,24,204,,
DEC_MOLIBRESIB,fondo,-5.404,30,205,,
DEC_CHEMBL1435511,fondo,-5.397,30,206,,
DEC_CHEMBL1570216,fondo,-5.393,18,207,,
DEC_CHEMBL1731670,fondo,-5.392,31,208,,
DEC_CHEMBL1574978,fondo,-5.391,18,209,,
DEC_Tizanidine,fondo,-5.39,18,210,,
DEC_CHEMBL1900567,fondo,-5.386,23,211,,
DECH_CHEMBL3311423,fondo2,-5.385,22,212,,
DECM_CHEMBL1118,fondo,-5.378,19,213,,
DECM_CHEMBL712,fondo,-5.374,19,214,,
DEC_CHEMBL2179266,fondo,-5.373,20,215,,
DECH_CHEMBL1602108,fondo2,-5.37,22,216,,
DEC_CHEMBL1730073,fondo,-5.37,20,217,,
DECM_CHEMBL3547132,fondo,-5.369,15,218,,
DEC_CHEMBL1468148,fondo,-5.368,20,219,,
DECH_CHEMBL3309763,fondo2,-5.365,21,220,,
DECM_CHEMBL3400972,fondo,-5.362,15,221,,
DEC_CHEMBL1092603,fondo,-5.361,17,222,,
DEC_CHEMBL1540430,fondo,-5.361,17,223,,
DECH_CHEMBL1540430,fondo2,-5.357,17,224,,
DECM_CHEMBL856,fondo,-5.349,16,225,,
DEC_CHEMBL3189534,fondo,-5.346,28,226,,
DEC_CHEMBL1509423,fondo,-5.33,15,227,,
DECH_CHEMBL1452696,fondo2,-5.326,24,228,,
DEC_CHEMBL1395044,fondo,-5.316,22,229,,
DECH_CHEMBL1391531,fondo2,-5.314,22,230,,
DECM_CHEMBL1102,fondo,-5.314,16,231,,
DECH_CHEMBL1201348,fondo2,-5.312,21,232,,
DEC_CHEMBL1730329,fondo,-5.311,15,233,,
DEC_CHEMBL2356527,fondo,-5.31,24,234,,
DEC_CHEMBL1970198,fondo,-5.308,16,235,,
DEC_CHEMBL1429107,fondo,-5.299,18,236,,
DEC_CHEMBL1875761,fondo,-5.296,20,237,,
DEC_CHEMBL2136341,fondo,-5.295,17,238,,
DEC_CHEMBL1597290,fondo,-5.292,24,239,,
DECM_CHEMBL741,fondo,-5.289,16,240,,
DEC_CHEMBL1896436,fondo,-5.287,25,241,,
DECH_CHEMBL306700,fondo2,-5.282,17,242,,
DECM_CHEMBL1441905,fondo,-5.282,31,243,,
DEC_CHEMBL1939222,fondo,-5.274,16,244,,
DEC_CHEMBL1441905,fondo,-5.269,31,245,,
DECH_CHEMBL1457,fondo2,-5.268,22,246,,
DECH_CHEMBL14370,fondo2,-5.267,23,247,,
DECM_CHEMBL1712280,fondo,-5.267,19,248,,
DEC_CHEMBL2086626,fondo,-5.267,21,249,,
DEC_CHEMBL1373785,fondo,-5.264,18,250,,
DECH_CHEMBL1470097,fondo2,-5.263,19,251,,
DECM_CHEMBL1177,fondo,-5.256,13,252,,
DEC_CHEMBL1343719,fondo,-5.245,18,253,,
DEC_CHEMBL1092384,fondo,-5.242,16,254,,
DECH_CHEMBL295124,fondo2,-5.24,25,255,,
DECH_CHEMBL3137326,fondo2,-5.24,23,256,,
DECH_CHEMBL1009,fondo2,-5.233,14,257,,
DEC_CHEMBL1210791,fondo,-5.232,23,258,,
DEC_CHEMBL1643541,fondo,-5.231,15,259,,
DEC_CHEMBL1536059,fondo,-5.228,21,260,,
DEC_CHEMBL1592685,fondo,-5.221,21,261,,
DECH_CHEMBL1865134,fondo2,-5.217,22,262,,
DEC_CHEMBL1402270,fondo,-5.217,17,263,,
DECM_CHEMBL925,fondo,-5.216,13,264,,
DEC_CHEMBL1879692,fondo,-5.212,20,265,,
DECH_CHEMBL101,fondo2,-5.202,23,266,,
DEC_CHEMBL1900501,fondo,-5.197,17,267,,
DEC_CHEMBL2165612,fondo,-5.194,15,268,,
DECM_CHEMBL1372889,fondo,-5.188,20,269,,
DECH_CHEMBL1983350,fondo2,-5.185,17,270,,
DEC_CHEMBL1091584,fondo,-5.184,17,271,,
DECH_CHEMBL485,fondo2,-5.18,22,272,,
DEC_CHEMBL1322610,fondo,-5.172,23,273,,
DEC_CHEMBL1389758,fondo,-5.171,24,274,,
DECM_CHEMBL1440455,fondo,-5.168,18,275,,
DECH_CHEMBL1551968,fondo2,-5.163,24,276,,
DECM_CHEMBL218291,fondo,-5.163,19,277,,
DECH_CHEMBL8488,fondo2,-5.162,23,278,,
DEC_Baclofen,fondo,-5.161,14,279,,
DECM_CHEMBL12856,fondo,-5.158,14,280,,
DECM_CHEMBL18116,fondo,-5.157,15,281,,
DEC_CHEMBL1597270,fondo,-5.154,18,282,,
DECM_CHEMBL1037,fondo,-5.153,15,283,,
DEC_CHEMBL1570226,fondo,-5.149,26,284,,
DEC_CHEMBL3213140,fondo,-5.147,18,285,,
DECM_CHEMBL229128,fondo,-5.146,13,286,,
DEC_CHEMBL1712280,fondo,-5.144,19,287,,
DEC_CHEMBL1092602,fondo,-5.136,16,288,,
DECH_CHEMBL105,fondo2,-5.134,24,289,,
DECH_CHEMBL1597201,fondo2,-5.131,19,290,,
DECH_CHEMBL849,fondo2,-5.128,17,291,,
DECH_CHEMBL4594379,fondo2,-5.122,18,292,,
DECH_CHEMBL427216,fondo2,-5.119,22,293,,
DEC_CHEMBL1569875,fondo,-5.116,17,294,,
DEC_CHEMBL1491689,fondo,-5.114,19,295,,
DEC_CHEMBL1730221,fondo,-5.112,20,296,,
DEC_CHEMBL2359981,fondo,-5.101,23,297,,
DEC_CHEMBL1539969,fondo,-5.098,19,298,,
DECM_CHEMBL701,fondo,-5.095,14,299,,
DEC_CHEMBL1413075,fondo,-5.094,17,300,,
DECH_CHEMBL1570373,fondo2,-5.092,21,301,,
DEC_CHEMBL1486052,fondo,-5.087,15,302,,
DEC_Escitalopram,fondo,-5.086,24,303,,
DECM_CHEMBL750,fondo,-5.083,14,304,,
DEC_CHEMBL1443628,fondo,-5.081,17,305,,
DECM_CHEMBL762,fondo,-5.08,19,306,,
DECH_CHEMBL503634,fondo2,-5.078,21,307,,
DECH_CHEMBL1201117,fondo2,-5.074,17,308,,
DECM_CHEMBL1305,fondo,-5.068,20,309,,
DECM_CHEMBL1377,fondo,-5.068,17,310,,
DEC_CHEMBL1343679,fondo,-5.068,20,311,,
DECH_CHEMBL1457583,fondo2,-5.057,24,312,,
DECH_CHEMBL1728200,fondo2,-5.055,20,313,,
DEC_CHEMBL3193932,fondo,-5.044,24,314,,
DEC_CHEMBL1413381,fondo,-5.042,20,315,,
DECH_CHEMBL953,fondo2,-5.035,22,316,,
DECM_CHEMBL1728134,fondo,-5.033,18,317,,
DECM_CHEMBL1509423,fondo,-5.032,15,318,,
DEC_CHEMBL1440455,fondo,-5.031,18,319,,
DEC_Arimoclomol,fondo,-5.026,17,320,,
DEC_CHEMBL1728134,fondo,-5.026,18,321,,
DECH_CHEMBL659,fondo2,-5.02,21,322,,
DEC_CHEMBL1595503,fondo,-5.018,23,323,,
DEC_CHEMBL1372889,fondo,-5.013,20,324,,
DECH_CHEMBL1524140,fondo2,-5.012,20,325,,
DEC_CHEMBL1558218,fondo,-5.012,18,326,,
DECM_CHEMBL918,fondo,-5.006,13,327,,
DEC_CHEMBL1409776,fondo,-5.006,16,328,,
DEC_CHEMBL1879748,fondo,-5.006,15,329,,
DECH_CHEMBL94394,fondo2,-4.998,16,330,,
DECM_CHEMBL1237044,fondo,-4.997,19,331,,
DEC_CHEMBL1541085,fondo,-4.996,24,332,,
DEC_CHEMBL1390652,fondo,-4.989,15,333,,
DECH_CHEMBL1208,fondo2,-4.985,19,334,,
DEC_CHEMBL2165602,fondo,-4.985,17,335,,
DEC_CHEMBL1091583,fondo,-4.977,16,336,,
DEC_CHEMBL1527656,fondo,-4.976,16,337,,
DECH_CHEMBL2103827,fondo2,-4.971,15,338,,
DECH_CHEMBL1201766,fondo2,-4.969,19,339,,
DEC_CHEMBL1969867,fondo,-4.966,18,340,,
quinazolina_12I,positivo,-4.961,17,,,
DEC_CHEMBL1470785,fondo,-4.961,16,341,,
DECM_CHEMBL1574931,fondo,-4.954,20,342,,
DECH_CHEMBL117785,fondo2,-4.953,23,343,,
DEC_CHEMBL1468265,fondo,-4.953,15,344,,
DECH_CHEMBL1485521,fondo2,-4.951,23,345,,
DECH_CHEMBL319144,fondo2,-4.946,20,346,,
DEC_CHEMBL1446677,fondo,-4.944,19,347,,
DEC_CHEMBL1570375,fondo,-4.937,16,348,,
DECM_CHEMBL760,fondo,-4.928,16,349,,
DECM_CHEMBL770,fondo,-4.924,12,350,,
DECH_CHEMBL98,fondo2,-4.922,19,351,,
DECM_CHEMBL1969867,fondo,-4.916,18,352,,
DECH_CHEMBL22,fondo2,-4.907,21,353,,
DECH_CHEMBL1228,fondo2,-4.904,24,354,,
DECM_CHEMBL1879748,fondo,-4.904,15,355,,
DECM_CHEMBL1571416,fondo,-4.895,18,356,,
DEC_CHEMBL1373755,fondo,-4.894,15,357,,
DECM_CHEMBL188952,fondo,-4.874,17,358,,
DEC_CHEMBL1429958,fondo,-4.869,17,359,,
DECH_CHEMBL4298137,fondo2,-4.858,18,360,,
5-fluorouridina,positivo,-4.85,18,,,
DEC_CHEMBL1563897,fondo,-4.847,20,361,,
DEC_CHEMBL1256364,fondo,-4.846,15,362,,
DECM_CHEMBL7863,fondo,-4.839,15,363,,
DECM_CHEMBL1752,fondo,-4.835,18,364,,
DECH_CHEMBL1201236,fondo2,-4.833,16,365,,
DECH_CHEMBL93,fondo2,-4.829,16,366,,
DEC_CHEMBL1574931,fondo,-4.825,20,367,,
DECH_CHEMBL1409776,fondo2,-4.82,16,368,,
DEC_CHEMBL1579933,fondo,-4.818,13,369,,
DEC_CHEMBL1334295,fondo,-4.814,16,370,,
DECM_CHEMBL3213756,fondo,-4.813,15,371,,
diazepanoquinazolina_4MQ,positivo,-4.812,18,,,
DEC_Melatonin,fondo,-4.808,17,372,,
DECM_CHEMBL1446677,fondo,-4.805,19,373,,
DECM_CHEMBL459,fondo,-4.798,15,374,,
DEC_CHEMBL1429852,fondo,-4.786,18,375,,
DECH_CHEMBL1563897,fondo2,-4.768,20,376,,
DECM_CHEMBL1468265,fondo,-4.766,15,377,,
DEC_CHEMBL3213756,fondo,-4.764,15,378,,
DEC_Gabapentin,fondo,-4.754,18,379,,
DECM_CHEMBL524,fondo,-4.738,15,380,,
DECH_CHEMBL1536068,fondo2,-4.737,21,381,,
DEC_CHEMBL1571416,fondo,-4.736,18,382,,
DECH_CHEMBL980,fondo2,-4.735,14,383,,
DEC_CHEMBL1708757,fondo,-4.727,19,384,,
DEC_Riluzole,fondo,-4.72,15,385,,
DECH_CHEMBL923,fondo2,-4.717,17,386,,
DECM_CHEMBL1738,fondo,-4.701,19,387,,
DECM_CHEMBL276832,fondo,-4.696,12,388,,
DEC_CHEMBL1579274,fondo,-4.696,17,389,,
DECH_CHEMBL677,fondo2,-4.685,13,390,,
DECM_CHEMBL1201260,fondo,-4.683,13,391,,
DECM_CHEMBL2105420,fondo,-4.682,17,392,,
DEC_CHEMBL1978331,fondo,-4.679,17,393,,
DECM_CHEMBL1232131,fondo,-4.678,12,394,,
DECM_CHEMBL449,fondo,-4.676,15,395,,
DECH_CHEMBL1978331,fondo2,-4.675,17,396,,
DEC_CHEMBL1461527,fondo,-4.666,16,397,,
DEC_Ezogabine,fondo,-4.663,17,398,,
DECH_CHEMBL2105345,fondo2,-4.658,24,399,,
DECH_CHEMBL152,fondo2,-4.657,18,400,,
DECH_CHEMBL1689063,fondo2,-4.652,17,401,,
DECM_CHEMBL92401,fondo,-4.648,13,402,,
DECH_CHEMBL461522,fondo2,-4.643,21,403,,
DEC_CHEMBL1524161,fondo,-4.641,20,404,,
isoproterenol,positivo,-4.636,15,,,
DECM_CHEMBL25,fondo,-4.619,13,405,,
DECM_CHEMBL17860,fondo,-4.618,16,406,,
DEC_CHEMBL1344270,fondo,-4.606,19,407,,
DECM_CHEMBL704,fondo,-4.6,11,408,,
DECH_CHEMBL1201233,fondo2,-4.593,17,409,,
DECM_CHEMBL444,fondo,-4.576,13,410,,
DECH_CHEMBL679,fondo2,-4.575,13,411,,
DECM_CHEMBL61006,fondo,-4.56,11,412,,
adrenalina,positivo,-4.555,13,,,
dopamina,positivo,-4.553,11,,,
DECM_CHEMBL108545,fondo,-4.551,11,413,,
DEC_CHEMBL1401914,fondo,-4.55,18,414,,
DECM_CHEMBL289480,fondo,-4.546,13,415,,
DEC_CHEMBL2359671,fondo,-4.546,15,416,,
DECM_CHEMBL1414576,fondo,-4.545,18,417,,
DECM_CHEMBL1483,fondo,-4.539,18,418,,
DEC_CHEMBL1414576,fondo,-4.527,18,419,,
DEC_Thiamine,fondo,-4.522,18,420,,
DECH_CHEMBL1350,fondo2,-4.517,17,421,,
DECM_CHEMBL301265,fondo,-4.512,14,422,,
DEC_Pramipexole,fondo,-4.511,14,423,,
DEC_CHEMBL1879685,fondo,-4.509,24,424,,
DEC_CAPTOPRIL,fondo,-4.508,14,425,,
DECM_CHEMBL979,fondo,-4.502,15,426,,
DEC_CHEMBL1602618,fondo,-4.495,22,427,,
DECM_CHEMBL1546,fondo,-4.491,11,428,,
DECH_CHEMBL434,fondo2,-4.481,15,429,,
DECM_CHEMBL1169,fondo,-4.462,11,430,,
DECM_CHEMBL550,fondo,-4.439,15,431,,
DECM_CHEMBL2106939,fondo,-4.432,13,432,,
DECH_CHEMBL1201213,fondo2,-4.414,17,433,,
DECM_CHEMBL112,fondo,-4.403,11,434,,
DECH_CHEMBL924,fondo2,-4.376,16,435,,
DECM_CHEMBL1593719,fondo,-4.372,11,436,,
DEC_Lamotrigine,fondo,-4.371,13,437,,
DECM_CHEMBL39736,fondo,-4.37,11,438,,
DECH_CHEMBL546,fondo2,-4.349,19,439,,
DECM_CHEMBL419,fondo,-4.335,12,440,,
DECM_CHEMBL1200790,fondo,-4.332,13,441,,
DECH_CHEMBL1547534,fondo2,-4.325,21,442,,
DECM_CHEMBL607400,fondo,-4.323,15,443,,
DEC_CHEMBL1900371,fondo,-4.315,19,444,,
DECH_CHEMBL1383511,fondo2,-4.303,20,445,,
DEC_CHEMBL1501518,fondo,-4.303,16,446,,
DECH_CHEMBL252556,fondo2,-4.301,24,447,,
DECM_CHEMBL345714,fondo,-4.283,11,448,,
anilina_ZZT,positivo,-4.279,10,,,
DECH_CHEMBL1501518,fondo2,-4.274,16,449,,
DECM_CHEMBL877,fondo,-4.241,11,450,,
DECM_CHEMBL1560,fondo,-4.235,14,451,,
DECH_CHEMBL203266,fondo2,-4.205,19,452,,
DECM_CHEMBL1115,fondo,-4.191,13,453,,
DECH_CHEMBL997,fondo2,-4.187,19,454,,
DECM_CHEMBL476,fondo,-4.181,13,455,,
DEC_CHEMBL1879543,fondo,-4.172,15,456,,
DECM_CHEMBL498847,fondo,-4.103,13,457,,
DECM_CHEMBL1201293,fondo,-4.061,11,458,,
DECH_CHEMBL3774966,fondo2,-4.06,16,459,,
DECM_CHEMBL1100,fondo,-4.048,11,460,,
DEC_Alpha-Lipoic_Acid,fondo,-4.045,12,461,,
DECH_CHEMBL1006,fondo2,-4.031,12,462,,
DEC_CHEMBL3774966,fondo,-3.941,16,463,,
DECH_CHEMBL834,fondo2,-3.939,13,464,,
DECH_CHEMBL871,fondo2,-3.884,11,465,,
DECH_CHEMBL1201345,fondo2,-3.86,19,466,,
DECM_CHEMBL830,fondo,-3.818,12,467,,
DECH_CHEMBL870,fondo2,-3.799,14,468,,
DECH_CHEMBL1201317,fondo2,-3.791,10,469,,
DECM_CHEMBL591,fondo,-3.721,9,470,,
DECM_CHEMBL119423,fondo,-3.702,10,471,,
DECM_CHEMBL513,fondo,-3.677,12,472,,
DECM_CHEMBL1425,fondo,-3.643,10,473,,
DECM_CHEMBL1482,fondo,-3.62,11,474,,
DECM_CHEMBL965,fondo,-3.526,10,475,,
DECM_CHEMBL978,fondo,-3.516,11,476,,
DECM_CHEMBL1430,fondo,-3.422,9,477,,
DECM_CHEMBL1201073,fondo,-3.338,10,478,,
DECM_CHEMBL671,fondo,-3.28,11,479,,
DECM_CHEMBL667,fondo,-3.251,10,480,,
DECH_CHEMBL2110978,fondo2,-2.879,6,481,,
DECM_CHEMBL427,fondo,-2.722,8,482,,
