target,ligand,smiles,vina_affinity,tipo
FUS,CHEMBL1163230,Clc1ccc(/C=N/Nc2nc(Nc3cccc(Br)c3)nc(N3CCOCC3)n2)cc1,-6.6,candidato_ambos
FUS,CHEMBL1163540,C[C@@]12CC[C@H](O)[C@@H]3COC(=C31)C(=O)c1cc3cccc(O)c3cc12,-6.7,candidato_ambos
FUS,CHEMBL1204619,O=C1N[C@H]2[C@@H]3OP(=O)(O)O[C@@H]3[C@@H](O)C[C@@H]2c2cc3c(cc21)OCO3,-6.5,candidato_ambos
FUS,CHEMBL1207157,O=C(/C=C/c1c(C(=O)O)[nH]c2cc(Cl)cc(Cl)c12)Nc1cccc([N+](=O)[O-])c1F,-6.5,candidato_ambos
FUS,CHEMBL1207227,O=C1C(c2c(O)[nH]c3ccc(S(=O)(=O)O)cc23)=Nc2ccccc21,-6.6,candidato_ambos
FUS,CHEMBL1208600,O=C1Nc2ccc(S(=O)(=O)O)cc2/C1=C1/Nc2ccccc2C1=O,-6.6,candidato_ambos
FUS,CHEMBL1210981,O=C(CSc1nnc2c(n1)[nH]c1ccccc12)Nc1cccc([N+](=O)[O-])c1,-6.5,candidato_ambos
FUS,CHEMBL1242896,Cc1nn(-c2ccccc2)c(Cl)c1/C=N/NC(=O)Cc1ccc(Cl)cc1,-6.4,candidato_ambos
FUS,CHEMBL13184,CC(C)=CCc1c(O)n(Cc2ccccc2)c2nc3c(c(=O)n(C)c(=O)n3C)n2c1=O,-6.4,candidato_ambos
FUS,CHEMBL16243,O=C(O)[C@@H]1C[C@H]2C[C@@H](c3ccc(Cc4nnn[nH]4)cc3)CC[C@H]2CN1,-6.4,candidato_ambos
FUS,CHEMBL1796970,O=C1c2cc3c(cc2OCN1CCn1cnc([N+](=O)[O-])n1)C(=O)N1CCCC1O3,-6.8,candidato_ambos
FUS,CHEMBL1858263,Cc1cc(N2CCN(Cc3coc(-c4ccc(O)cc4)n3)CC2)c2ccccc2n1,-6.4,candidato_ambos
FUS,CHEMBL1858825,Cc1cccc(Oc2ncccc2/C(=N/O)N2CCN(c3ccc(F)cc3)CC2)c1C,-6.4,candidato_ambos
FUS,CHEMBL1865383,O=C(CN1CCCN(Cc2cccc(F)c2)S1(=O)=O)Nc1ccc2c(c1)OCCO2,-6.5,candidato_ambos
FUS,CHEMBL20196,Cc1nnc2nc(-c3ccccc3F)c3cc(C#CCN4C(=O)c5ccccc5C4=O)ccc3n12,-6.8,candidato_ambos
FUS,CHEMBL20834,O=C1NC(=O)c2c1c1c(ccc3cccnc31)c1[nH]c3ccccc3c21,-7.3,candidato_ambos
FUS,CHEMBL21079,Cc1ccc(NC(=O)c2ccccc2)cc1Nc1nccc(-c2ccc[n+]([O-])c2)n1,-6.5,candidato_ambos
FUS,CHEMBL21250,CN(C)C(=N)c1ccc(NC(=O)c2nnnn2-c2ccc3cc(Cl)ccc3c2)c(F)c1,-6.4,candidato_ambos
FUS,CHEMBL21594,CC(=O)Nc1nc2ccnc(-c3cccc(NS(=O)(=O)c4ccc(C)cc4)c3)n2n1,-6.6,candidato_ambos
FUS,CHEMBL25084,Nc1nc(C2CCN(C(=O)CCc3ccccc3)CC2)c2ccccc2n1,-6.4,candidato_ambos
FUS,CHEMBL26872,O=C1NCc2c1c1c3ccccc3n3c1c1c2c2ccccc2n1CSC3,-6.6,candidato_ambos
FUS,CHEMBL27387,O=C1NC(=O)c2c1c1c3ccccc3n3c1c1c2c2ccccc2n1C[S+]([O-])C3,-6.9,candidato_ambos
FUS,CHEMBL27890,COc1ccc2c(O)cc(=O)n(Cc3ccc(-c4ccccc4-c4nn[nH]n4)cc3)c2c1,-6.5,candidato_ambos
FUS,CHEMBL28202,CN1Cn2c3ccccc3c3c4c(c5c6ccccc6n(c5c32)C1)C(=O)NC4=O,-6.7,candidato_ambos
FUS,CHEMBL28751,CC(=O)Nc1ccc2ccc(S(=O)(=O)Nc3onc(C)c3C)cc2c1,-6.9,candidato_ambos
FUS,CHEMBL4116087,CC(=O)c1c[n+](Cc2ccccc2C)ccc1CC1Cc2cc3c(cc2C1=O)OCO3,-6.4,candidato_ambos
FUS,CHEMBL4436202,N#Cc1ccc2cc3c(=O)n(-c4ccc(Cl)cc4)c(=O)nc-3n(-c3cccc(O)c3)c2c1,-6.4,candidato_ambos
FUS,CHEMBL4534196,CCC(O)(C#Cc1cc(-n2ccc3cnc(N)nc32)ccn1)c1nccs1,-6.5,candidato_ambos
FUS,CHEMBL4548513,O=C(NO)c1cc(F)c(Cn2nnc(-c3ccc4ccccc4n3)n2)c(F)c1,-6.4,candidato_ambos
FUS,CHEMBL4566549,C/C(=N/NC(=N)N)c1sc(-c2ccc(C#Cc3ccccc3)cc2)nc1C,-6.5,candidato_ambos
FUS,CHEMBL4567857,CC1c2nnn(-c3ccc4ccccc4n3)c2CCN1C(=O)c1ccc(F)cc1,-6.5,candidato_ambos
FUS,CHEMBL4568499,O=C(NNC(=O)c1cc2cc(Cl)ccc2oc1=O)c1cc(Cl)ccc1O,-6.8,candidato_ambos
FUS,CHEMBL4572055,Nc1n[nH]c2ccc(-c3cnc(-c4ccccc4-n4cnnn4)s3)cc12,-6.8,candidato_ambos
FUS,CHEMBL4573275,CC(C)(C)c1ccc(C(=O)NC(=S)NNC(=O)c2cccc([N+](=O)[O-])c2)cc1,-6.5,candidato_ambos
FUS,CHEMBL4575782,Cc1cccc(NC(=O)Cn2nc3ccc(-c4ccc(C)c(C)c4)nn3c2=O)c1,-6.5,candidato_ambos
FUS,CHEMBL4582732,COc1ccc(CN2C(=O)c3ccccc3C(C=NNc3nc(=O)cc(C)[nH]3)C2=O)cc1,-6.6,candidato_ambos
FUS,CHEMBL4584626,Cc1ccc(C(=O)C(C)Sc2nnc3c(=O)n(-c4ccc(F)c(F)c4)ccn23)cc1C,-6.6,candidato_ambos
FUS,CHEMBL4636405,CCOC(=O)c1cn(Cc2cn(-c3ccc(Cl)cc3)nn2)c2ccc(F)cc2c1=O,-6.8,candidato_ambos
FUS,CHEMBL4637973,N#Cc1ccc(-n2ccc3cc(C(=O)N4CC(N5CCN(C(=O)c6ccccc6)CC5)C4)ccc32)cc1,-7.2,candidato_ambos
FUS,CHEMBL4638885,COc1cc(Cn2cc(Cn3c4ccccc4c(=O)c4cccc(OC)c43)nn2)cc(OC)c1OC,-6.6,candidato_ambos
FUS,CHEMBL4639751,OC1c2ccccc2C(O)c2c1nnn2-c1cc(F)c(-c2ccccc2F)c(F)c1,-6.8,candidato_ambos
FUS,CHEMBL495952,COc1cccc2c1c(C(=O)/C=C(\O)C(=O)O)cn2Cc1cccc(F)c1F,-6.9,candidato_ambos
FUS,CHEMBL496484,O=c1c(/C=C(/c2ccc([N+](=O)[O-])cc2)c2nnn[nH]2)coc2ccc(Br)cc12,-6.5,candidato_ambos
FUS,CHEMBL497688,O=C(O)/C(O)=C/C(=O)c1cn(Cc2ccc(F)cc2)c2cc(Cl)ccc2c1=O,-6.7,candidato_ambos
FUS,CHEMBL498709,O=c1c(/C=C(/c2ccc([N+](=O)[O-])cc2)c2nnn[nH]2)coc2c(Cl)cc(Cl)cc12,-6.8,candidato_ambos
FUS,CHEMBL498713,O=C(O)/C(O)=C/C(=O)c1cn(Cc2ccc(F)cc2)c2cc(Cl)c(Cl)cc2c1=O,-6.8,candidato_ambos
FUS,CHEMBL501732,O=c1nc(-c2ccc3[nH]ncc3c2)cc(-c2ccc(N3CCNCC3)cc2)[nH]1,-6.8,candidato_ambos
FUS,CHEMBL1206581,CC(C)c1ccc(/C(=C\CC(N)C(=O)O)c2ccc(C#N)cc2)cc1,-6.6,candidato_eficiencia
FUS,CHEMBL12638,CC12C=CC(=O)C=C1[C@H]1C[C@H]1C1C2CCC2(C)C1CCC21CCC(=O)O1,-6.4,candidato_eficiencia
FUS,CHEMBL4434647,O=C(Cn1cc(Cn2c3ccccc3c3ccccc32)nn1)c1cccc(F)c1,-6.4,candidato_eficiencia
FUS,CHEMBL4530098,C=CCOc1ccc(-c2ncc(C(=O)O)c(=O)[nH]2)cc1-n1ccnn1,-6.5,candidato_eficiencia
FUS,CHEMBL4533171,CC(=O)Nc1cccc(Nc2nccc3[nH]c(-c4ccccc4)cc23)c1,-6.6,candidato_eficiencia
FUS,CHEMBL4568013,Cc1c(C(=O)N2CC3(C2)CC(F)(F)C3)nnn1-c1nn2cccc2c(=O)[nH]1,-6.7,candidato_eficiencia
FUS,CHEMBL4570691,Cc1nnc2ccc(NCc3cn(-c4ccccc4)nc3C(C)C)nn12,-6.5,candidato_eficiencia
FUS,CHEMBL4572216,Cc1cc(O)cc2c1C(=O)/C(=C/c1ccc(F)cc1)O2,-6.5,candidato_eficiencia
FUS,CHEMBL4634641,O=C1c2cccc3cc([N+](=O)[O-])cc(c23)C(=O)N1C1N=CNN1,-6.7,candidato_eficiencia
FUS,CHEMBL4636792,N[C@@H](Cc1cn(-c2nc(Cl)nc(N3CCOCC3)n2)c2ccccc12)C(=O)O,-6.9,candidato_eficiencia
FUS,CHEMBL497690,O=c1c(/C=C(/c2ccc([N+](=O)[O-])cc2)c2nnn[nH]2)coc2ccc(Cl)cc12,-6.5,candidato_eficiencia
FUS,CHEMBL498752,O=C1NC(NCc2ccccc2)=N/C1=C\c1c[nH]c2ncc([N+](=O)[O-])cc12,-6.8,candidato_eficiencia
FUS,CHEMBL499475,COc1cccc2c1c(C(=O)/C=C(\O)C(=O)O)cn2Cc1cc(F)ccc1F,-6.6,candidato_eficiencia
FUS,CHEMBL1088172,O=C(C[C@@H]1C/C=C/CCCC(=O)O[C@H](c2ccccc2)CNC1=O)NCc1ccc(Cl)cc1,-6.6,candidato_residual
FUS,CHEMBL19991,Cc1nnc2n1-c1ccc(C#CCCN3C(=O)c4ccccc4C3=O)cc1C(c1ccccc1F)=NC2,-6.5,candidato_residual
FUS,CHEMBL3311108,c1cc2cc(-c3ccc(-c4cn5cc(C6=NCCCN6)ccc5n4)cc3)[nH]c2cc1C1=NCCCN1,-7.1,candidato_residual
FUS,CHEMBL4531539,COc1ccc(-c2cc3c4nnc(CCC(=O)NCCc5ccccc5)n4ccn3n2)cc1,-6.4,candidato_residual
FUS,CHEMBL4568847,COc1ccc(-c2cc3c4nnc(SCC(=O)Nc5cccc(C)c5C)n4ccn3n2)cc1,-6.6,candidato_residual
FUS,CHEMBL4572765,Cc1ccc(F)c(NC(=O)Cc2ccc(-n3c4c(c5ncnc(N)c53)CCC4)cc2)c1,-6.6,candidato_residual
FUS,CHEMBL4574731,Cc1cc(C)c(CNc2nc(-c3ccc(N4CCOCC4)cc3)nc3[nH]cnc23)c(=O)[nH]1,-6.7,candidato_residual
FUS,CHEMBL4581153,O=C(Nc1ccncc1)Nc1cccc(C2CCCN(c3ncnc4[nH]ccc34)C2)c1,-6.8,candidato_residual
FUS,CHEMBL4583617,CNC(=O)c1cnc(N)c(C#Cc2cc(C(=O)Nc3cc(OC)cc(OC)c3)ccc2C)c1,-6.5,candidato_residual
FUS,CHEMBL4637495,O=C(CCc1cccc(-c2nc3ccccc3[nH]2)c1)NCc1ccc2[nH]ncc2c1,-6.5,candidato_residual
FUS,CHEMBL4638917,C[C@@H](Nc1nc2c(cnn2C2CCCC2)c(=O)[nH]1)C(=O)Nc1ccc2c(c1)CCC2=O,-6.6,candidato_residual
FUS,CHEMBL4639597,NC(=O)c1cnc(N2CCC[C@H](N)C2)nc1Nc1cc(C(F)(F)F)cc(C(F)(F)F)c1,-6.5,candidato_residual
FUS,CHEMBL499624,O=C(NC1Cc2ccccc2C1)c1cccc(Nc2ccnc(N3CCN(c4ccccc4)CC3)n2)c1,-6.7,candidato_residual
SOD1,CHEMBL11533,O=C(/C=C/c1cccc(OCc2ccc3ccccc3n2)c1)c1cc(-c2nn[nH]n2)ccc1O,-6.3,candidato_ambos
SOD1,CHEMBL1204619,O=C1N[C@H]2[C@@H]3OP(=O)(O)O[C@@H]3[C@@H](O)C[C@@H]2c2cc3c(cc21)OCO3,-6.4,candidato_ambos
SOD1,CHEMBL1210834,O=C(CSc1nnc2c(n1)[nH]c1ccccc12)Nc1ccccc1,-6.2,candidato_ambos
SOD1,CHEMBL1210979,COc1cccc(NC(=O)CSc2nnc3c(n2)[nH]c2ccccc23)c1,-6.3,candidato_ambos
SOD1,CHEMBL1540525,Cc1cccc(C(=O)NC(=S)NNC(=O)Cc2ccccc2)c1,-6.6,candidato_ambos
SOD1,CHEMBL1608464,Cc1cccc(OCC(=O)Nc2cccc(C(=O)Nc3ccccc3C(=O)O)c2)c1,-6.9,candidato_ambos
SOD1,CHEMBL17787,O=C(NCCOc1ccc(CC2SC(=O)NC2=O)cc1)Nc1ccccc1,-6.4,candidato_ambos
SOD1,CHEMBL1863926,CC(=O)Nc1cccc(NC(=O)C2CC(=O)N(CCc3ccc(F)cc3)C2)c1,-6.4,candidato_ambos
SOD1,CHEMBL1864963,Cc1cc(C)cc(NC(=O)CNS(=O)(=O)c2ccc3nc(C)sc3c2)c1,-6.5,candidato_ambos
SOD1,CHEMBL1865181,Cc1ccc(-c2nnn(CC(=O)NC(=O)NC3CCCCC3)n2)cc1,-6.5,candidato_ambos
SOD1,CHEMBL1865389,O=C(NCCCc1ccccc1)c1cccc(NC(=O)c2ccccc2)c1,-6.7,candidato_ambos
SOD1,CHEMBL1896436,O=C(COC(=O)c1c(F)cccc1F)NC(=O)NCc1ccccc1,-6.2,candidato_ambos
SOD1,CHEMBL19179,O=C1N[C@@H](C(=O)NO)C[C@H]1c1ccc(OCc2ccccc2)cc1,-6.4,candidato_ambos
SOD1,CHEMBL2143379,COc1ccc(C(=O)N2CCCC(c3cc(C(=O)Nc4ccccc4)no3)C2)cc1,-6.2,candidato_ambos
SOD1,CHEMBL4436488,O=C(Nc1cccc(Cl)c1)Nc1cccc(NC(=O)c2ccccn2)c1,-6.3,candidato_ambos
SOD1,CHEMBL4530192,Cc1ccc(OCC(=O)Nc2cc(NC(=O)c3ccco3)ccc2C)c(C)c1,-6.2,candidato_ambos
SOD1,CHEMBL4530624,N#CN1CCO[C@@H](C(=O)Nc2cc(-c3cccc(-c4cn[nH]c4)c3)ncn2)C1,-6.3,candidato_ambos
SOD1,CHEMBL4530728,Fc1cccc(-c2nc3ccnc(NCc4ccccc4)c3[nH]2)c1,-6.2,candidato_ambos
SOD1,CHEMBL4534391,O=C(COc1ccc(-c2nc3ccccc3c(=O)[nH]2)cc1O)Nc1ccc(Cl)cc1,-6.6,candidato_ambos
SOD1,CHEMBL4543207,NS(=O)(=O)c1ccc(Nc2nccc(Nc3nc4ccccc4s3)n2)cc1,-6.4,candidato_ambos
SOD1,CHEMBL4543405,O=C(COc1ccc2c3c(c(=O)oc2c1)CCC3)Nc1nc(-c2ccccn2)cs1,-6.8,candidato_ambos
SOD1,CHEMBL4564908,O=C(Cc1ccccc1)NC(C(=O)NO)c1ccc(-c2cc(F)c(F)c(F)c2)cc1,-7.0,candidato_ambos
SOD1,CHEMBL4567879,O=C(NCc1ccccc1)Nc1cccc(NC(=O)c2ccccn2)c1,-6.4,candidato_ambos
SOD1,CHEMBL4569357,CN(C)c1ccc(C(=O)Nc2cccc(NC(=O)COc3ccc4c(c3)OCO4)c2)cc1,-6.5,candidato_ambos
SOD1,CHEMBL4570385,Cc1ccc(CNC(=O)c2ccc(CN3CCc4ccccc4C3)cc2)cc1,-6.4,candidato_ambos
SOD1,CHEMBL4573275,CC(C)(C)c1ccc(C(=O)NC(=S)NNC(=O)c2cccc([N+](=O)[O-])c2)cc1,-6.6,candidato_ambos
SOD1,CHEMBL4575882,Cc1cccc(Nc2ncc(C(=O)c3cccc(-c4ccncc4)c3)[nH]2)c1,-6.9,candidato_ambos
SOD1,CHEMBL4580840,O=C(Nc1ccc(-c2nc3ccccc3[nH]2)cc1)c1cccc(S(=O)(=O)NC2CC2)c1,-6.4,candidato_ambos
SOD1,CHEMBL4580964,Cc1cccn2c(=O)cc(CSc3nnc(NC(=O)Nc4ccccc4)s3)nc12,-6.4,candidato_ambos
SOD1,CHEMBL4581156,Cc1c(C(=O)N2CCC(F)(c3ccccn3)CC2)cnn1-c1nn2cccc2c(=O)[nH]1,-6.3,candidato_ambos
SOD1,CHEMBL4581618,COc1cc(NC(=O)Nc2cc(Nc3ccc(C)c(F)c3)ncn2)cc(OC)c1,-6.3,candidato_ambos
SOD1,CHEMBL4584911,NC(=O)c1cnc2c(F)cc(-c3cccnc3)cc2c1NC1CCOCC1,-6.4,candidato_ambos
SOD1,CHEMBL4636104,Cc1ccc2nc(-c3cccc(C(=O)NCCc4ccccc4)c3)[nH]c2c1,-7.2,candidato_ambos
SOD1,CHEMBL4638078,COc1ccc(/C=C/C(=O)Nc2cccc(-c3nc4ccccc4[nH]3)c2)cc1,-6.5,candidato_ambos
SOD1,CHEMBL4638917,C[C@@H](Nc1nc2c(cnn2C2CCCC2)c(=O)[nH]1)C(=O)Nc1ccc2c(c1)CCC2=O,-6.5,candidato_ambos
SOD1,CHEMBL499618,Nc1cc(Oc2ccc(NC(=O)CC(=O)Nc3ccc(F)cc3)cc2F)ccn1,-6.3,candidato_ambos
SOD1,CHEMBL500921,O=C(CC(=O)Nc1ccc(Oc2ccnc3[nH]ccc23)c(F)c1)Nc1ccc(F)cc1,-6.5,candidato_ambos
SOD1,CHEMBL513841,N#Cc1cccc(NC(=O)Nc2ccc3ncnc(Nc4ccccc4)c3c2)c1,-6.7,candidato_ambos
SOD1,CHEMBL514067,CC(=O)Nc1ccc(Cc2noc(CCC(=O)Nc3ccc(C(F)(F)F)cc3)n2)cc1,-6.3,candidato_ambos
SOD1,CHEMBL517068,CC(=O)Nc1nc(-c2ccc(F)c(C)n2)c(-c2ccc3ncnn3c2)[nH]1,-6.8,candidato_ambos
SOD1,CHEMBL519795,CN1CCN(c2cccc3[nH]c(-c4n[nH]c5cc(-c6ccc(N)c(F)c6)ccc45)nc23)CC1,-6.3,candidato_ambos
SOD1,CHEMBL519939,CC(=O)Nc1nc(-c2ccc(F)c(C)n2)c(-c2ccc3nccnc3c2)[nH]1,-6.9,candidato_ambos
SOD1,CHEMBL520254,O=C(CN1CC2CC1CN2Cc1ccc(C(=O)O)cc1)Nc1ccc(Oc2ccccc2)cc1,-6.3,candidato_ambos
SOD1,CHEMBL521548,Cc1ccc(NC(=O)c2ccnc(N3CCCC3)c2)cc1-c1ccc2nc(N)[nH]c(=O)c2c1,-6.7,candidato_ambos
SOD1,CHEMBL526897,O=C(NNc1ccccc1)c1cc2ccc(OCc3ccccc3)cc2oc1=O,-6.4,candidato_ambos
SOD1,CHEMBL557910,O=C(NC(=O)c1ccccc1)NC1c2ccccc2-c2ccccc21,-6.5,candidato_ambos
SOD1,CHEMBL559562,N=C(N)c1ccc2cc(C(=O)Nc3ccc4c(c3)CCC4)ccc2c1,-6.5,candidato_ambos
SOD1,CHEMBL561610,Cc1ccc(C/C=N/NC(=O)Cn2nc(N3CCN(c4ccc(Cl)cc4)CC3)ccc2=O)cc1,-6.8,candidato_ambos
SOD1,CHEMBL563536,O=C(C=C1CCN(C(=O)c2cccc(F)c2)CC1)N[C@@H]1CCN(Cc2ccc3cc(F)ccc3c2)C1,-6.3,candidato_ambos
SOD1,CHEMBL566345,O=C(NOC1CCCCO1)c1ccc2[nH]c(=O)c(CCCc3ccccc3)nc2c1,-6.4,candidato_ambos
SOD1,CHEMBL9363,O=P(O)(O)C(F)(F)c1ccc(CC(c2ccccc2)n2nnc3ccccc32)cc1,-6.3,candidato_ambos
SOD1,GLASDEGIB,CN1CC[C@@H](NC(=O)Nc2ccc(C#N)cc2)C[C@@H]1c1nc2ccccc2[nH]1,-6.5,candidato_ambos
SOD1,CHEMBL1210980,O=C(CSc1nnc2c(n1)[nH]c1ccccc12)Nc1cccc(Cl)c1,-6.3,candidato_eficiencia
SOD1,CHEMBL1796460,N=C(N)N1N=C(c2ccccc2)CC1c1ccncc1,-6.8,candidato_eficiencia
SOD1,CHEMBL4530250,C/C(=N\NC(N)=S)c1ccc(OCc2ncc(C(F)(F)F)cc2Cl)cc1,-6.3,candidato_eficiencia
SOD1,CHEMBL4584909,CCc1cccc(NC(=O)CSc2nnc3c(=O)n(-c4ccccc4)ccn23)c1,-6.4,candidato_eficiencia
SOD1,CHEMBL504005,O=C1NC(=O)C2C3c4ccccc4C(c4ccccc43)C12,-6.5,candidato_eficiencia
SOD1,CHEMBL512326,Cc1ccc(C(=O)Nc2cccc(-c3nc4ccccc4[nH]3)c2)cc1,-6.4,candidato_eficiencia
SOD1,CHEMBL520878,C[C@H]1NC(=O)c2[nH]c3ccccc3c2-c2ccccc21,-6.3,candidato_eficiencia
SOD1,CHEMBL7735,O=C(c1cc2ccccc2[nH]1)c1cc2cc(O)ccc2[nH]1,-6.3,candidato_eficiencia
SOD1,CHEMBL1210518,COc1ccc(Cc2cc(C3CCCCC3)nn(CC(=O)NC3Cc4ccccc4C3)c2=O)cn1,-6.7,candidato_residual
SOD1,CHEMBL18727,C[C@H](NC(=O)C1C=C2c3cccc4[nH]cc(c34)CC2N(C)C1)C(=O)NCCc1ccccc1,-6.4,candidato_residual
SOD1,CHEMBL4531832,Nc1ncnc2c3c(n(-c4ccc(NC(=O)Cc5nnc(C(F)(F)F)o5)cc4)c12)CCC3,-6.2,candidato_residual
SOD1,CHEMBL4574605,C[C@]1(c2cc(NC(=O)c3ccc(C#N)cn3)ccc2F)N=C(N)O[C@@H]2CCCC(F)(F)[C@@H]21,-6.4,candidato_residual
SOD1,CHEMBL503090,O=C(Cc1ccc(F)cc1)NC(=O)Nc1ccc(Oc2ccnc3[nH]ccc23)c(F)c1,-6.9,candidato_residual
SOD1,CHEMBL514185,CC1(C(=O)Nc2ccc([N+](=O)[O-])cc2O)CC2c3ccccc3C1c1ccccc12,-6.5,candidato_residual
SOD1,CHEMBL521006,Cc1ccc(CN2CCC(C(=O)Nc3ccc4c(c3)CCc3nnc(C)n3-4)CC2)cc1,-6.4,candidato_residual
SOD1,GLIPIZIDE,Cc1cnc(C(=O)NCCc2ccc(S(=O)(=O)NC(=O)NC3CCCCC3)cc2)cn1,-6.4,candidato_residual
SOD1,CHEMBL1643541,O=c1cc(CSc2ccc(Cl)cc2)[nH][nH]1,-5.400,control
SOD1,CHEMBL1643556,O=c1cc(CSc2c(Cl)cccc2Cl)[nH][nH]1,-5.200,control
SOD1,CHEMBL1643557,O=c1cc(CSc2cc(Cl)cc(Cl)c2)[nH][nH]1,-4.700,control
SOD1,CHEMBL1939222,O=c1cc(COc2cc(Cl)cc(Cl)c2)[nH][nH]1,-4.700,control
SOD1,CHEMBL2165601,Cc1cc([S+]([O-])Cc2cc(=O)[nH][nH]2)c(C)cc1Cl,-5.800,control
SOD1,CHEMBL2165602,O=c1cc(CS(=O)(=O)c2ccc(Cl)cc2)[nH][nH]1,-5.400,control
SOD1,CHEMBL2165603,O=c1cc(CS(=O)(=O)c2cc(Cl)cc(Cl)c2)[nH][nH]1,-5.000,control
SOD1,CHEMBL2165604,Cc1cc(S(=O)(=O)Cc2cc(=O)[nH][nH]2)c(C)cc1Cl,-5.300,control
SOD1,CHEMBL2165605,O=c1cc(COc2ccc(Cl)cc2)[nH][nH]1,-5.300,control
SOD1,CHEMBL2165606,CCc1ccc(OCc2cc(=O)[nH][nH]2)cc1,-5.500,control
SOD1,CHEMBL2165607,CCc1cccc(OCc2cc(=O)[nH][nH]2)c1,-5.100,control
SOD1,CHEMBL2165608,CC(C)(C)c1cccc(OCc2cc(=O)[nH][nH]2)c1,-5.400,control
SOD1,CHEMBL2165609,O=c1cc(COc2cc(C(F)(F)F)cc(C(F)(F)F)c2)[nH][nH]1,-5.600,control
SOD1,CHEMBL2165610,O=c1cc(COc2cc(F)cc(F)c2)[nH][nH]1,-5.100,control
SOD1,CHEMBL2165611,O=c1cc(COc2cc(Br)cc(Br)c2)[nH][nH]1,-5.000,control
SOD1,CHEMBL2165612,O=c1cc(COc2cccc(Br)c2)[nH][nH]1,-5.000,control
SOD1,CHEMBL2165613,O=c1cc(COc2cccc(-c3ccccc3)c2)[nH][nH]1,-5.800,control
SOD1,CHEMBL2165614,O=c1cc(COc2cc(-c3ccccc3)cc(-c3ccccc3)c2)[nH][nH]1,-6.000,control
TDP43_v2,CHEMBL12225,O=C(O)c1ccc(O)c(C(=O)/C=C/c2ccccc2OCc2ccccc2)c1,-8.6,candidato_ambos
TDP43_v2,CHEMBL1795920,CC(=O)Nc1ccc2c(c1)C(NC(=S)Nc1cccc(C#N)c1)CC(C)(C)O2,-8.4,candidato_ambos
TDP43_v2,CHEMBL1796807,O=C(c1ccccc1)c1cc2cc(Br)cc(O)c2oc1=O,-8.4,candidato_ambos
TDP43_v2,CHEMBL1808762,Clc1ccccc1CNc1cc2c(cn1)[nH]c1ccccc12,-8.6,candidato_ambos
TDP43_v2,CHEMBL1809186,CCc1nn(-c2ccccc2)c2cc(NC(=O)c3cccc(C(=N)N)c3)ccc12,-9.5,candidato_ambos
TDP43_v2,CHEMBL1859833,Cc1ccc(Oc2ccc(/C(N)=N/O)cn2)c2c1CCC2,-8.4,candidato_ambos
TDP43_v2,CHEMBL18816,c1ccc2nc(COc3ccc(OCc4ccc(Cc5nnn[nH]5)cc4)cc3)ccc2c1,-8.5,candidato_ambos
TDP43_v2,CHEMBL19929,CC(C)(C#Cc1ccc2[nH]c(O)nc2c1)N1CCC(Cc2ccc(F)cc2)CC1,-8.5,candidato_ambos
TDP43_v2,CHEMBL28280,O=C(NO)c1ccc(CNC(=O)c2cccc3ccccc23)cc1,-8.8,candidato_ambos
TDP43_v2,CHEMBL4434862,O=C(O)[C@H]1C2CCC(CC2)[C@@H]1Nc1nc(-c2n[nH]c3ncc(F)cc23)nc2ccsc12,-8.6,candidato_ambos
TDP43_v2,CHEMBL4529977,O=C(O)c1cccc(-n2c(/C=C/c3ccc([N+](=O)[O-])o3)nc3ccccc3c2=O)c1,-8.4,candidato_ambos
TDP43_v2,CHEMBL4529982,N=C(N)N/N=C\c1cn(S(=O)(=O)c2ccccc2)c2ccccc12,-8.9,candidato_ambos
TDP43_v2,CHEMBL4531162,O=C(NO)c1cccc(OCc2ccc(-c3noc(-c4cccc(F)c4)n3)cc2)c1,-8.8,candidato_ambos
TDP43_v2,CHEMBL4532287,N#CN1CCC[C@](F)(C(=O)Nc2ccc(-c3cccc4[nH]ncc34)nn2)C1,-8.4,candidato_ambos
TDP43_v2,CHEMBL4534366,NC(=O)c1ccc(-c2cnn3ccc(NCc4ccncc4)nc23)cc1,-8.9,candidato_ambos
TDP43_v2,CHEMBL4564438,Cn1cc(NC(=O)c2cn(Cc3ccc(F)cc3)c(=O)c3ccccc23)cn1,-8.8,candidato_ambos
TDP43_v2,CHEMBL4564744,NC(=O)c1cc(-c2ccc(F)cc2)cc2c(C3CCS(=O)(=O)CC3)c[nH]c12,-9.0,candidato_ambos
TDP43_v2,CHEMBL4566549,C/C(=N/NC(=N)N)c1sc(-c2ccc(C#Cc3ccccc3)cc2)nc1C,-8.5,candidato_ambos
TDP43_v2,CHEMBL4571569,COc1cccc(Nc2ncc(C(=O)c3cccc(-c4cccnc4)c3)[nH]2)c1,-8.5,candidato_ambos
TDP43_v2,CHEMBL4571844,Cc1nnc2n1CCN(C(=O)c1ccc(/C=C3\Oc4c(C(N)=O)cccc4C3=O)cc1)C2,-8.5,candidato_ambos
TDP43_v2,CHEMBL4572044,Cc1occc1C(=O)NN=CC1C(=O)N(Cc2ccccc2)C(=O)c2ccccc21,-8.8,candidato_ambos
TDP43_v2,CHEMBL4581271,O=C(NO)C(c1ccc(-c2ncccn2)cc1)c1ccccc1F,-8.5,candidato_ambos
TDP43_v2,CHEMBL4581829,N#Cc1ccc(Cn2nccc2-c2ccc3nnn(-c4ccc5cn[nH]c5c4)c3c2)nc1,-8.5,candidato_ambos
TDP43_v2,CHEMBL4583548,N/C(=N\O)c1cccc(/C=C/c2ccc(O)c(-c3ncccn3)c2)c1,-8.5,candidato_ambos
TDP43_v2,CHEMBL4635193,Cc1cc(-c2ccc3nc(NC(=O)NCc4ccccc4)nn3c2)cc(C)c1O,-8.5,candidato_ambos
TDP43_v2,CHEMBL4635528,NC(=O)c1cc(-c2ccc(F)cc2)c2ccc(CN3CCCC3=O)cc2n1,-8.6,candidato_ambos
TDP43_v2,CHEMBL4636424,O=C(Nc1ccccc1)Nc1ccc(F)c(C(=O)c2c[nH]c3ncccc23)c1F,-8.7,candidato_ambos
TDP43_v2,CHEMBL4636994,O=C(NO)c1cccc(-c2nc(CSc3ccccc3)n[nH]2)c1,-8.9,candidato_ambos
TDP43_v2,CHEMBL4638060,O=C1NCSC1Cc1ccc(OCCn2nc(-c3ccccc3)c3ccccc3c2=O)cc1,-9.2,candidato_ambos
TDP43_v2,CHEMBL4639048,Cc1[nH]nc2[nH]c(=O)cc([C@H]3CC[C@H](NS(=O)(=O)CC4CCC4)CC3)c12,-8.8,candidato_ambos
TDP43_v2,CHEMBL498704,O=C(O)c1cccnc1Oc1ccc2c(c1)C[C@@H](NC[C@H](O)c1cccc(Cl)c1)CC2,-8.5,candidato_ambos
TDP43_v2,CHEMBL511752,CCc1cc(COc2ccc(N3CCN(C(C)C(=O)NO)C3=O)cc2)c2ccccc2n1,-8.6,candidato_ambos
TDP43_v2,CHEMBL512559,O=C(O)c1cc2c(c3c1ccc1ccccc13)OCO2,-8.7,candidato_ambos
TDP43_v2,CHEMBL514278,O=C(N/N=C/c1ccco1)c1cc(-c2ccccc2)nn1Cc1ccc(Cl)nc1,-8.6,candidato_ambos
TDP43_v2,CHEMBL515831,O=C(O)CC1=C/C(=C\c2cccc3cccnc23)c2ccc(F)cc21,-8.6,candidato_ambos
TDP43_v2,CHEMBL515855,Cc1cc2c(c(=O)[nH]1)C(=O)O/C2=C\c1cn(C)c2ccccc12,-8.6,candidato_ambos
TDP43_v2,CHEMBL518018,CC1(C)C=C(c2nc3c(C(N)=O)cccc3[nH]2)CC(C)(C)N1O,-8.4,candidato_ambos
TDP43_v2,CHEMBL518063,CCc1nc2cc(Cl)ccc2c(=O)n1-c1n[nH]c2ccccc12,-8.7,candidato_ambos
TDP43_v2,CHEMBL518588,Oc1ccc(CC2CC(CCc3ccccc3)=NO2)cc1,-8.4,candidato_ambos
TDP43_v2,CHEMBL519419,Cc1cc(I)ccc1Nc1c(C(=O)O)cc(F)c(F)c1F,-8.4,candidato_ambos
TDP43_v2,CHEMBL519601,O=C(Nc1ccccc1)c1ccc(CNc2nccc(-c3cccnc3)n2)cc1,-8.4,candidato_ambos
TDP43_v2,CHEMBL519982,Cc1cc(O)cc2oc(=O)c3c(O)cc(O)cc3c12,-8.8,candidato_ambos
TDP43_v2,CHEMBL521548,Cc1ccc(NC(=O)c2ccnc(N3CCCC3)c2)cc1-c1ccc2nc(N)[nH]c(=O)c2c1,-9.1,candidato_ambos
TDP43_v2,CHEMBL527548,Cn1cncc1C(=O)Nc1cccc(-c2csc(-c3nc4ccccc4[nH]3)c2)c1,-8.6,candidato_ambos
TDP43_v2,CHEMBL563421,Cc1cccc(-c2nc(Nc3cccc(C(N)=O)c3)c3ccccc3n2)n1,-9.2,candidato_ambos
TDP43_v2,CHEMBL565988,Cc1ccc(Cn2ccc3cccc(/C=C/C(=O)NS(=O)(=O)c4cccs4)c32)cc1C,-9.3,candidato_ambos
TDP43_v2,CHEMBL566211,O=C(/C=C/c1cccc2ccn(Cc3ccccc3)c12)NS(=O)(=O)c1cccs1,-8.6,candidato_ambos
TDP43_v2,CHEMBL568414,N#Cc1c(-c2ccc3c(c2)OCO3)[nH]c2nc(N)[nH]c(=O)c12,-8.8,candidato_ambos
TDP43_v2,ESTRONE SULFURIC ACID,C[C@]12CC[C@@H]3c4ccc(OS(=O)(=O)O)cc4CC[C@H]3[C@@H]1CCC2=O,-8.9,candidato_ambos
TDP43_v2,CHEMBL16795,Cn1c2ccccc2c2c3c(c(-c4ccccc4)cc21)CNC3=O,-9.1,candidato_eficiencia
TDP43_v2,CHEMBL1766559,O=C(O)c1cc(/C=C2\COc3ccccc3C2=O)ccc1O,-8.5,candidato_eficiencia
TDP43_v2,CHEMBL1864753,Nc1ccc2c(c1)C(O)c1cccc(C(=O)O)c1-2,-8.8,candidato_eficiencia
TDP43_v2,CHEMBL4529577,O=C1CCC2=C1C(c1ccc([N+](=O)[O-])cc1)CS(=O)(=O)O2,-8.5,candidato_eficiencia
TDP43_v2,CHEMBL4530711,NC(=S)c1cccc(-c2cccc3[nH]ccc23)c1O,-8.4,candidato_eficiencia
TDP43_v2,CHEMBL4581606,O=C(NO)c1ccc(CN2c3ccccc3Sc3cc(Cl)nnc32)cc1,-8.5,candidato_eficiencia
TDP43_v2,CHEMBL4634844,Cc1c(C(=O)N/N=C\c2cccc(F)c2)oc2cccc(O)c12,-8.7,candidato_eficiencia
TDP43_v2,CHEMBL4635360,O=C1NCc2c1nc(-c1ccc(F)cc1)c1ccccc21,-8.8,candidato_eficiencia
TDP43_v2,CHEMBL500821,O=c1ccc2cc(O)c3c(c2o1)CCCC3,-8.6,candidato_eficiencia
TDP43_v2,CHEMBL511518,O=C1NC(=O)/C(=C/c2cccc(-c3ccccc3)c2)N1,-8.4,candidato_eficiencia
TDP43_v2,CHEMBL512187,C[C@@]12CCC(=O)c3coc(c31)C(=O)c1cc3c(O)ccc(O)c3cc12,-9.0,candidato_eficiencia
TDP43_v2,CHEMBL1094870,CN1CCC[C@@H]1C(=O)NCc1c(CN(C)[C@H]2CCCc3cccnc32)ncc2ccccc12,-8.4,candidato_residual
TDP43_v2,CHEMBL1546634,O=C(c1cnn2c(C(F)(F)F)cc(-c3ccc(F)cc3)nc12)N1CCc2ccccc2C1,-8.5,candidato_residual
TDP43_v2,CHEMBL17956,Cc1cnc(N/C(O)=C2\C(=O)N(Cc3ccccc3)C(=O)c3ccc(Cl)cc32)s1,-8.5,candidato_residual
TDP43_v2,CHEMBL18597,c1cc(COc2ccc(OCc3ccc4ccccc4n3)cc2)cc(Cc2nnn[nH]2)c1,-8.9,candidato_residual
TDP43_v2,CHEMBL1862954,N#Cc1ccc(C(c2cccnc2)N2CCC(NC(=O)Nc3ccccc3)CC2)cc1,-8.7,candidato_residual
TDP43_v2,CHEMBL24827,N=C(N)c1ccc(COc2cccc(CCNS(=O)(=O)c3ccc(Cl)cc3)c2)cc1,-8.6,candidato_residual
TDP43_v2,CHEMBL4564272,Cc1cccc(NC(=O)Nc2nnc(SCc3cc(=O)n4cccc(C)c4n3)s2)c1,-8.8,candidato_residual
TDP43_v2,CHEMBL4584906,N=C1N/C(=N/NC(=O)c2ccc(CN3C(=O)c4cccc5cccc3c45)cc2)c2ccccc21,-10.1,candidato_residual
TDP43_v2,CHEMBL4637197,O=C(O)c1ccc(COc2ccc(CNC(=O)[C@H]3CCCN3Cc3ccc(F)cc3)cc2)cc1,-8.8,candidato_residual
TDP43_v2,CHEMBL522622,O=C(Nc1ccccc1-c1cn2c(CN3CCNCC3)csc2n1)c1cccc2cccnc12,-8.6,candidato_residual
TDP43_v2,CHEMBL562431,C[C@H](C(=O)NCCc1ccc(O)cc1)c1cccc(C(O)c2ccccc2)c1,-8.7,candidato_residual
TDP43_v2,cepharanthine,CN1CCC2=CC3=C(C4=C2C1CC5=CC=C(C=C5)OC6=C(C=CC(=C6)CC7C8=CC(=C(C=C8CCN7C)OC)O4)OC)OCO3,,control
TDP43_v2,cepharanthine_limpio,CN1CCC2=CC3=C(C4=C2C1CC5=CC=C(C=C5)OC6=C(C=CC(=C6)CC7C8=CC(=C(C=C8CCN7C)OC)O4)OC)OCO3,,control
TDP43_v2,BERBERINE,COC1=C(C2=C[N+]3=C(C=C2C=C1)C4=CC5=C(C=C4CC3)OCO5)OC,-5.700,control+control
TDP43_v2,KETOCONAZOLE,CC(=O)N1CCN(CC1)C2=CC=C(C=C2)OCC3COC(O3)(CN4C=CN=C4)C5=C(C=C(C=C5)Cl)Cl,-6.300,control+control
TDP43_v2,PE859,COC1=C(C=CC(=C1)OCC2=CC=CC=N2)C=CC3=CC(=NN3)C=CC4=CC5=C(C=C4)C=CN5,,control+control
TDP43_v2,berberrubine,COC1=C(C2=C[N+]3=C(C=C2C=C1)C4=CC5=C(C=C4CC3)OCO5)O,,control+control
TDP43_v2,coptisine,C1C[N+]2=C(C=C3C=CC4=C(C3=C2)OCO4)C5=CC6=C(C=C51)OCO6,,control+control
TDP43_v2,epiberberine,COC1=C(C=C2C(=C1)CC[N+]3=C2C=C4C=CC5=C(C4=C3)OCO5)OC,,control+control
TDP43_v2,nitidine,C[N+]1=CC2=CC(=C(C=C2C3=C1C4=CC5=C(C=C4C=C3)OCO5)OC)OC,,control+control
TDP43_v2,sanguinarine,C[N+]1=C2C(=C3C=CC4=C(C3=C1)OCO4)C=CC5=CC6=C(C=C52)OCO6,,control+control
