ligand,rol,vina,recall,jaccard,coseno,n_contactos
DECH_CHEMBL294199,decoy,-5.543,0.6975,0.6148,0.7647,99
DECH_CHEMBL1201273,decoy,-6.044,0.6807,0.5827,0.7388,101
DECH_CHEMBL1201251,decoy,-6.048,0.6723,0.5797,0.7371,99
DECH_CHEMBL926,decoy,-6.1,0.6303,0.5515,0.7168,92
ACT_naftalenoaminoalcohol_946,activo,-6.846,0.6218,0.5248,0.6923,96
DECH_CHEMBL1877893,decoy,-6.395,0.5714,0.5397,0.7198,75
DECH_CHEMBL252556,decoy,-4.301,0.5714,0.4755,0.6499,92
DECM_CHEMBL14043,decoy,-7.187,0.563,0.5038,0.6824,81
DECM_CHEMBL4436558,decoy,-6.862,0.563,0.5234,0.7045,76
DECH_CHEMBL1256841,decoy,-5.806,0.5546,0.5197,0.7033,74
DECH_CHEMBL28280,decoy,-6.71,0.5294,0.5,0.6903,70
DECH_CHEMBL98,decoy,-4.922,0.5294,0.4961,0.6854,71
DECM_CHEMBL17224,decoy,-6.699,0.5294,0.4667,0.6498,79
DECH_CHEMBL19179,decoy,-6.227,0.521,0.4366,0.6165,85
DECH_CHEMBL26518,decoy,-6.794,0.521,0.4429,0.6238,83
DECM_CHEMBL4435214,decoy,-6.652,0.5126,0.4729,0.6636,71
DECM_CHEMBL1896432,decoy,-6.341,0.5042,0.438,0.6228,78
DEC_CHEMBL1321608,decoy,-5.992,0.5042,0.4839,0.6822,65
ACT_dopamina,activo,-4.553,0.4958,0.4184,0.6009,81
DECH_CHEMBL105,decoy,-5.134,0.4958,0.3831,0.5578,94
DEC_CHEMBL1468148,decoy,-5.368,0.4958,0.472,0.6708,65
DECM_CHEMBL21594,decoy,-7.464,0.4874,0.4265,0.6139,75
DEC_CHEMBL1472702,decoy,-6.677,0.4874,0.4603,0.6595,65
DEC_KAEMPFEROL,decoy,-5.759,0.4874,0.3973,0.5767,85
DECH_CHEMBL329522,decoy,-5.598,0.479,0.3373,0.5051,107
DEC_CHEMBL1558140,decoy,-5.507,0.479,0.4419,0.6384,67
ACT_paliperidona_K4I,activo,-6.727,0.4706,0.3972,0.5813,78
DECH_CHEMBL2103827,decoy,-4.971,0.4706,0.3314,0.4986,106
DECH_CHEMBL4594379,decoy,-5.122,0.4706,0.3478,0.5186,98
DECH_CHEMBL70,decoy,-6.244,0.4706,0.4375,0.6367,65
DECM_CHEMBL4435035,decoy,-6.6,0.4706,0.4211,0.6136,70
DEC_CHEMBL2142154,decoy,-5.575,0.4706,0.4242,0.618,69
DECH_CHEMBL1009,decoy,-5.233,0.4622,0.3503,0.5228,93
DECH_CHEMBL679,decoy,-4.575,0.4622,0.3481,0.52,94
DECH_CHEMBL963,decoy,-6.08,0.4622,0.44,0.6455,61
DECM_CHEMBL1232461,decoy,-5.483,0.4622,0.4365,0.6403,62
DECM_CHEMBL3547132,decoy,-5.369,0.4622,0.3416,0.5119,97
DECH_CHEMBL1601733,decoy,-5.95,0.4538,0.432,0.6391,60
DECH_CHEMBL398707,decoy,-6.371,0.4538,0.4219,0.6237,63
DECH_CHEMBL80,decoy,-5.78,0.4538,0.432,0.6391,60
DECM_CHEMBL3400972,decoy,-5.362,0.4538,0.3396,0.5106,94
DECM_CHEMBL704,decoy,-4.6,0.4538,0.3803,0.5641,77
DEC_CHEMBL1327582,decoy,-6.683,0.4538,0.4219,0.6237,63
DEC_CHEMBL1330118,decoy,-6.218,0.4538,0.4355,0.6445,59
DEC_CHEMBL1491654,decoy,-6.861,0.4538,0.4355,0.6445,59
ACT_isoproterenol,activo,-4.636,0.4454,0.3312,0.5011,94
DECH_CHEMBL1161220,decoy,-5.449,0.4454,0.3655,0.5466,79
DECH_CHEMBL1406300,decoy,-6.27,0.4454,0.4309,0.6435,57
DECH_CHEMBL20160,decoy,-6.251,0.4454,0.4077,0.6073,64
DECH_CHEMBL27556,decoy,-6.988,0.4454,0.4274,0.638,58
DECH_CHEMBL311498,decoy,-5.498,0.4454,0.3354,0.5065,92
DECH_CHEMBL434,decoy,-4.481,0.4454,0.3272,0.4959,96
DECH_CHEMBL953,decoy,-5.035,0.4454,0.3333,0.5038,93
DECM_CHEMBL20651,decoy,-7.138,0.4454,0.4173,0.6221,61
DEC_CHEMBL1398411,decoy,-6.376,0.4454,0.3813,0.5686,73
DEC_CHEMBL1575024,decoy,-6.285,0.4454,0.4046,0.6026,65
DEC_Melatonin,decoy,-4.808,0.4454,0.3681,0.5501,78
DEC_Tizanidine,decoy,-5.39,0.4454,0.4141,0.617,62
DECH_CHEMBL1201233,decoy,-4.593,0.437,0.327,0.497,92
DECH_CHEMBL677,decoy,-4.685,0.437,0.3377,0.5111,87
DECH_CHEMBL7334,decoy,-6.066,0.437,0.3537,0.5329,80
DEC_CHEMBL1092602,decoy,-5.136,0.437,0.3586,0.5397,78
ACT_PRG-A01,activo,-7.21,0.431,0.2101,0.354,86
DECH_CHEMBL10012,decoy,-5.82,0.4286,0.3446,0.5227,80
DECH_CHEMBL3309993,decoy,-6.106,0.4286,0.3806,0.5755,66
DECM_CHEMBL218291,decoy,-5.163,0.4286,0.3469,0.526,79
DECM_CHEMBL4435744,decoy,-6.11,0.4286,0.3542,0.5363,76
DEC_Apigenin,decoy,-5.791,0.4286,0.3542,0.5363,76
DEC_CHEMBL1429038,decoy,-5.831,0.4286,0.3984,0.6036,60
DEC_CHEMBL1875761,decoy,-5.296,0.4286,0.3542,0.5363,76
DEC_Luteolin,decoy,-5.808,0.4286,0.3446,0.5227,80
ACT_anilina_ZZT,activo,-4.279,0.4202,0.365,0.5558,68
ACT_quinazolina_12I,activo,-4.961,0.4202,0.3731,0.5685,65
DECH_CHEMBL1077248,decoy,-5.872,0.4202,0.3012,0.4654,97
DECH_CHEMBL1201236,decoy,-4.833,0.4202,0.3106,0.4779,92
DECH_CHEMBL1391531,decoy,-5.314,0.4202,0.3906,0.5967,59
DECH_CHEMBL1462043,decoy,-5.633,0.4202,0.4,0.6125,56
DECH_CHEMBL23647,decoy,-5.936,0.4202,0.3425,0.5223,77
DECH_CHEMBL834,decoy,-3.939,0.4202,0.3067,0.4728,94
DECM_CHEMBL1474963,decoy,-5.788,0.4202,0.3846,0.5869,61
DECM_CHEMBL524,decoy,-4.738,0.4202,0.3311,0.5062,82
DEC_CHEMBL1390550,decoy,-6.085,0.4202,0.3571,0.544,71
DEC_CHEMBL1391531,decoy,-5.458,0.4202,0.3876,0.5917,60
DEC_CHEMBL1437517,decoy,-6.57,0.4202,0.4065,0.6237,54
DEC_CHEMBL1474627,decoy,-5.618,0.4202,0.3704,0.5642,66
DECH_CHEMBL1162123,decoy,-6.248,0.4118,0.3525,0.5408,69
DECH_CHEMBL1324,decoy,-6.167,0.4118,0.3203,0.493,83
DECH_CHEMBL3309763,decoy,-5.365,0.4118,0.3403,0.5222,74
DECH_CHEMBL3309985,decoy,-5.95,0.4118,0.3475,0.5331,71
DECH_CHEMBL503634,decoy,-5.078,0.4118,0.3333,0.5119,77
DECH_CHEMBL93,decoy,-4.829,0.4118,0.3427,0.5257,73
DECM_CHEMBL1115,decoy,-4.191,0.4118,0.3858,0.595,57
DECM_CHEMBL469,decoy,-5.905,0.4118,0.3475,0.5331,71
DEC_CHEMBL1343719,decoy,-5.245,0.4118,0.363,0.5571,65
DEC_CHEMBL1395067,decoy,-6.624,0.4118,0.3889,0.6002,56
DEC_CHEMBL1429958,decoy,-4.869,0.4118,0.363,0.5571,65
DEC_CHEMBL1601845,decoy,-5.994,0.4118,0.3356,0.5152,76
DEC_CHEMBL267400,decoy,-6.256,0.4118,0.3828,0.5898,58
ACT_CHEMBL1643541,activo,-5.106,0.4034,0.331,0.5115,74
DECH_CHEMBL1343730,decoy,-6.438,0.4034,0.3179,0.492,80
DECH_CHEMBL1486005,decoy,-5.556,0.4034,0.338,0.5222,71
DECH_CHEMBL1578770,decoy,-5.699,0.4034,0.3871,0.6044,53
DECH_CHEMBL19130,decoy,-6.334,0.4034,0.3333,0.515,73
DECH_CHEMBL3309988,decoy,-6.202,0.4034,0.3429,0.5297,69
DECH_CHEMBL3310377,decoy,-6.283,0.4034,0.3664,0.5681,60
DECH_CHEMBL849,decoy,-5.128,0.4034,0.3158,0.4889,81
DECM_CHEMBL170988,decoy,-5.927,0.4034,0.3265,0.5047,76
DECM_CHEMBL266960,decoy,-5.802,0.4034,0.3609,0.5588,62
DECM_CHEMBL459,decoy,-4.798,0.4034,0.3158,0.4889,81
DECM_CHEMBL701,decoy,-5.095,0.4034,0.3404,0.5259,70
DECM_CHEMBL925,decoy,-5.216,0.4034,0.3117,0.483,83
DEC_5-HYDROXYFLAVONE,decoy,-5.964,0.4034,0.3333,0.515,73
DEC_Baicalein,decoy,-5.899,0.4034,0.3333,0.515,73
DEC_CHEMBL1344270,decoy,-4.606,0.4034,0.378,0.588,56
DEC_CHEMBL1402270,decoy,-5.217,0.4034,0.3871,0.6044,53
DEC_CHEMBL1435511,decoy,-5.397,0.4034,0.378,0.588,56
DEC_CHEMBL1476483,decoy,-5.923,0.4034,0.3609,0.5588,62
DEC_CHEMBL1486005,decoy,-5.616,0.4034,0.338,0.5222,71
DEC_CHEMBL1502132,decoy,-5.808,0.4034,0.331,0.5115,74
DEC_CHEMBL1531633,decoy,-5.604,0.4034,0.378,0.588,56
DEC_CHEMBL1554159,decoy,-6.358,0.4034,0.3288,0.5081,75
DEC_CHEMBL1570928,decoy,-5.481,0.4034,0.3967,0.6223,50
DEC_CHEMBL1592685,decoy,-5.221,0.4034,0.3288,0.5081,75
DEC_CHEMBL1597290,decoy,-5.292,0.4034,0.378,0.588,56
DEC_CHEMBL1896436,decoy,-5.287,0.4034,0.3453,0.5336,68
DEC_CHEMBL1900567,decoy,-5.386,0.4034,0.3453,0.5336,68
DEC_CHEMBL1978331,decoy,-4.679,0.4034,0.3721,0.5778,58
DEC_Pramipexole,decoy,-4.511,0.4034,0.3556,0.55,64
DECH_CHEMBL1362943,decoy,-5.717,0.395,0.3013,0.4701,84
DECH_CHEMBL1470097,decoy,-5.263,0.395,0.3588,0.5609,59
DECH_CHEMBL1597289,decoy,-5.985,0.395,0.3672,0.5757,56
DECH_CHEMBL1602108,decoy,-5.37,0.395,0.331,0.515,70
DECH_CHEMBL3310302,decoy,-5.934,0.395,0.3481,0.5428,63
DECH_CHEMBL4543361,decoy,-5.824,0.395,0.3534,0.5516,61
DECH_CHEMBL588,decoy,-5.934,0.395,0.3241,0.5043,73
DECM_CHEMBL1118,decoy,-5.378,0.395,0.3287,0.5113,71
DECM_CHEMBL12856,decoy,-5.158,0.395,0.3219,0.5009,74
DECM_CHEMBL345714,decoy,-4.283,0.395,0.3456,0.5386,64
DECM_CHEMBL979,decoy,-4.502,0.395,0.2994,0.4673,85
"DEC_1,4-BIS(3'-PYRAZOLYLAMINO)BENZO[G]PHTHALAZINE",decoy,-6.516,0.395,0.3381,0.5264,67
DEC_CHEMBL1343668,decoy,-5.599,0.395,0.3561,0.5562,60
DEC_CHEMBL1470097,decoy,-5.411,0.395,0.3561,0.5562,60
DEC_CHEMBL1470903,decoy,-6.203,0.395,0.3176,0.4942,76
DEC_CHEMBL1530615,decoy,-5.731,0.395,0.3072,0.4787,81
DEC_CHEMBL1547432,decoy,-6.058,0.395,0.3219,0.5009,74
DEC_CHEMBL1643541,decoy,-5.231,0.395,0.3197,0.4975,75
DEC_CHEMBL1708737,decoy,-6.256,0.395,0.3534,0.5516,61
DEC_CHEMBL1896176,decoy,-5.91,0.395,0.376,0.5918,53
DEC_CHEMBL2360645,decoy,-5.886,0.395,0.379,0.5975,52
DEC_ONONETIN,decoy,-5.426,0.395,0.3357,0.5225,68
DEC_Thiamine,decoy,-4.522,0.395,0.3264,0.5078,72
DECH_CHEMBL1418679,decoy,-5.499,0.3866,0.3511,0.5537,58
DECH_CHEMBL1457583,decoy,-5.057,0.3866,0.3239,0.5076,69
DECH_CHEMBL1507664,decoy,-5.408,0.3866,0.3459,0.5444,60
DECH_CHEMBL1551968,decoy,-5.163,0.3866,0.3309,0.5191,66
DECH_CHEMBL2105345,decoy,-4.658,0.3866,0.3333,0.523,65
DECH_CHEMBL22,decoy,-4.907,0.3866,0.3087,0.4837,76
DECH_CHEMBL485,decoy,-5.18,0.3866,0.3622,0.5738,54
DECM_CHEMBL124937,decoy,-6.858,0.3866,0.3217,0.504,70
DECM_CHEMBL1482,decoy,-3.62,0.3866,0.3262,0.5114,68
DECM_CHEMBL276832,decoy,-4.696,0.3866,0.3309,0.5191,66
DECM_CHEMBL289480,decoy,-4.546,0.3866,0.368,0.5848,52
DECM_CHEMBL4553656,decoy,-6.976,0.3866,0.2614,0.4155,103
DECM_CHEMBL498847,decoy,-4.103,0.3866,0.3407,0.5355,62
DECM_CHEMBL741,decoy,-5.289,0.3866,0.3007,0.4715,80
DECM_CHEMBL770,decoy,-4.924,0.3866,0.3459,0.5444,60
DECM_CHEMBL898,decoy,-5.777,0.3866,0.3172,0.497,72
DECM_CHEMBL965,decoy,-3.526,0.3866,0.3217,0.504,70
DEC_CHEMBL1092604,decoy,-5.474,0.3866,0.3087,0.4837,76
DEC_CHEMBL124937,decoy,-6.577,0.3866,0.3194,0.5004,71
DEC_CHEMBL1429107,decoy,-5.299,0.3866,0.3538,0.5585,57
DEC_CHEMBL1524176,decoy,-5.415,0.3866,0.3217,0.504,70
DEC_CHEMBL1570375,decoy,-4.937,0.3866,0.3594,0.5686,55
DEC_CHEMBL1608506,decoy,-5.453,0.3866,0.3511,0.5537,58
DEC_Ezogabine,decoy,-4.663,0.3866,0.3262,0.5114,68
DEC_Genistein,decoy,-5.691,0.3866,0.3194,0.5004,71
ACT_CHEMBL2165609,activo,-5.943,0.3782,0.2922,0.4612,80
ACT_cf3quinazolina_ZO0,activo,-5.533,0.3782,0.3358,0.5326,60
DECH_CHEMBL1201345,decoy,-3.86,0.3782,0.3191,0.504,67
DECH_CHEMBL14370,decoy,-5.267,0.3782,0.3659,0.5893,49
DECH_CHEMBL1437579,decoy,-5.533,0.3782,0.3191,0.504,67
DECH_CHEMBL152,decoy,-4.657,0.3782,0.2885,0.4555,82
DECH_CHEMBL1540525,decoy,-6.544,0.3782,0.3,0.4732,76
DECH_CHEMBL8960,decoy,-5.471,0.3782,0.3041,0.4795,74
DECM_CHEMBL119423,decoy,-3.702,0.3782,0.3409,0.5417,58
DECM_CHEMBL1201260,decoy,-4.683,0.3782,0.3435,0.5464,57
DECM_CHEMBL1304181,decoy,-6.177,0.3782,0.3309,0.5239,62
DECM_CHEMBL188952,decoy,-4.874,0.3782,0.3237,0.5117,65
DECM_CHEMBL267400,decoy,-6.202,0.3782,0.3516,0.5614,54
DECM_CHEMBL301265,decoy,-4.512,0.3782,0.298,0.4701,77
DECM_CHEMBL7946,decoy,-5.984,0.3782,0.3516,0.5614,54
DEC_Alpha-Lipoic_Acid,decoy,-4.045,0.3782,0.3169,0.5002,68
DEC_CHEMBL1354314,decoy,-5.619,0.3782,0.3237,0.5117,65
DEC_CHEMBL1373785,decoy,-5.264,0.3782,0.3358,0.5326,60
DEC_CHEMBL1430765,decoy,-5.52,0.3782,0.3358,0.5326,60
DEC_CHEMBL1437579,decoy,-5.541,0.3782,0.302,0.4763,75
DEC_CHEMBL1440455,decoy,-5.031,0.3782,0.3383,0.537,59
DEC_CHEMBL1486052,decoy,-5.087,0.3782,0.3261,0.5156,64
DEC_CHEMBL1501518,decoy,-4.303,0.3782,0.3103,0.4896,71
DEC_CHEMBL1524161,decoy,-4.641,0.3782,0.3285,0.5197,63
DEC_CHEMBL1528023,decoy,-6.535,0.3782,0.36,0.5776,51
DEC_CHEMBL1563897,decoy,-4.847,0.3782,0.3285,0.5197,63
DEC_CHEMBL1570216,decoy,-5.393,0.3782,0.3,0.4732,76
DEC_CHEMBL1587018,decoy,-6.258,0.3782,0.3082,0.4862,72
DEC_CHEMBL1732294,decoy,-6.115,0.3782,0.3169,0.5002,68
DEC_CHEMBL1896241,decoy,-5.977,0.3782,0.2961,0.4671,78
DEC_CHEMBL2359981,decoy,-5.101,0.3782,0.3261,0.5156,64
DEC_CHEMBL3214262,decoy,-6.262,0.3782,0.3435,0.5464,57
ACT_Lig9_6B3,activo,-6.334,0.3697,0.3385,0.5439,55
DECH_CHEMBL1978331,decoy,-4.675,0.3697,0.3438,0.554,53
DECH_CHEMBL4298137,decoy,-4.858,0.3697,0.3143,0.5003,65
DECM_CHEMBL112,decoy,-4.403,0.3697,0.3385,0.5439,55
DECM_CHEMBL1201293,decoy,-4.061,0.3697,0.3212,0.5123,62
DECM_CHEMBL1440455,decoy,-5.168,0.3697,0.3308,0.5296,58
DECM_CHEMBL15139,decoy,-6.289,0.3697,0.2699,0.43,88
DECM_CHEMBL27275,decoy,-5.834,0.3697,0.275,0.4375,85
DECM_CHEMBL28286,decoy,-5.793,0.3697,0.3077,0.4891,68
DECM_CHEMBL584766,decoy,-6.769,0.3697,0.2973,0.4721,73
DECM_CHEMBL7969,decoy,-6.22,0.3697,0.3308,0.5296,58
DECM_CHEMBL877,decoy,-4.241,0.3697,0.2914,0.4627,76
DEC_Arimoclomol,decoy,-5.026,0.3697,0.3121,0.4965,66
DEC_CHEMBL1256364,decoy,-4.846,0.3697,0.3333,0.5342,57
DEC_CHEMBL1304181,decoy,-5.911,0.3697,0.3284,0.5251,59
DEC_CHEMBL1322610,decoy,-5.172,0.3697,0.3099,0.4928,67
DEC_CHEMBL1395044,decoy,-5.316,0.3697,0.3411,0.5489,54
DEC_CHEMBL1413075,decoy,-5.094,0.3697,0.3411,0.5489,54
DEC_CHEMBL1491587,decoy,-6.525,0.3697,0.3235,0.5164,61
DEC_CHEMBL1574978,decoy,-5.391,0.3697,0.3077,0.4891,68
DEC_CHEMBL1731670,decoy,-5.392,0.3697,0.3411,0.5489,54
DEC_Gabapentin,decoy,-4.754,0.3697,0.2699,0.43,88
DEC_IPRIFLAVONE,decoy,-6.01,0.3697,0.3143,0.5003,65
DECH_CHEMBL1530615,decoy,-5.407,0.3613,0.3071,0.4927,64
DECH_CHEMBL1536068,decoy,-4.737,0.3613,0.3468,0.569,48
DECH_CHEMBL313972,decoy,-5.925,0.3613,0.2376,0.3847,105
DECH_CHEMBL427216,decoy,-5.119,0.3613,0.3468,0.569,48
DECH_CHEMBL870,decoy,-3.799,0.3613,0.3071,0.4927,64
DECM_CHEMBL108545,decoy,-4.551,0.3613,0.3308,0.5364,54
DECM_CHEMBL1232131,decoy,-4.678,0.3613,0.2886,0.4614,73
DECM_CHEMBL1483,decoy,-4.539,0.3613,0.2905,0.4645,72
DECM_CHEMBL1712280,decoy,-5.267,0.3613,0.3359,0.5466,52
DECM_CHEMBL1728134,decoy,-5.033,0.3613,0.2966,0.4745,69
DECM_CHEMBL21042,decoy,-5.696,0.3613,0.3413,0.5575,50
DECM_CHEMBL229128,decoy,-5.146,0.3613,0.2986,0.478,68
DEC_CHEMBL1092603,decoy,-5.361,0.3613,0.3071,0.4927,64
DEC_CHEMBL1309718,decoy,-5.848,0.3613,0.344,0.5631,49
DEC_CHEMBL1390652,decoy,-4.989,0.3613,0.3116,0.5006,62
DEC_CHEMBL1475748,decoy,-6.41,0.3613,0.3007,0.4816,67
DEC_CHEMBL1509423,decoy,-5.33,0.3613,0.3116,0.5006,62
DEC_CHEMBL1541085,decoy,-4.996,0.3613,0.3258,0.5267,56
DEC_CHEMBL1602108,decoy,-5.762,0.3613,0.3071,0.4927,64
DEC_CHEMBL1728134,decoy,-5.026,0.3613,0.2905,0.4645,72
DEC_CHEMBL1732240,decoy,-6.267,0.3613,0.3071,0.4927,64
DEC_CHEMBL1900501,decoy,-5.197,0.3613,0.305,0.4889,65
DEC_CHEMBL2143380,decoy,-5.739,0.3613,0.2774,0.4435,79
DEC_CHEMBL3189534,decoy,-5.346,0.3613,0.2867,0.4582,74
ACT_CHEMBL2165607,activo,-5.414,0.3529,0.3022,0.489,62
DECH_CHEMBL1201117,decoy,-5.074,0.3529,0.2819,0.4537,72
DECH_CHEMBL1228,decoy,-4.904,0.3529,0.3333,0.55,49
DECH_CHEMBL1452696,decoy,-5.326,0.3529,0.3387,0.5616,47
DECH_CHEMBL306700,decoy,-5.282,0.3529,0.2979,0.4813,64
DECH_CHEMBL3774966,decoy,-4.06,0.3529,0.3022,0.489,62
DECH_CHEMBL546,decoy,-4.349,0.3529,0.2917,0.4704,67
DECH_CHEMBL8488,decoy,-5.162,0.3529,0.3307,0.5445,50
DECH_CHEMBL980,decoy,-4.735,0.3529,0.2897,0.4669,68
DECM_CHEMBL1431783,decoy,-5.94,0.3529,0.3022,0.489,62
DECM_CHEMBL1546,decoy,-4.491,0.3529,0.2937,0.4739,66
DECM_CHEMBL8328,decoy,-5.439,0.3529,0.2917,0.4704,67
DEC_Baclofen,decoy,-5.161,0.3529,0.3,0.4851,63
DEC_CHEMBL1431783,decoy,-5.986,0.3529,0.3206,0.5239,54
DEC_CHEMBL1536059,decoy,-5.228,0.3529,0.3088,0.5012,59
DEC_CHEMBL3208261,decoy,-5.805,0.3529,0.3158,0.5145,56
DEC_CHEMBL3774966,decoy,-3.941,0.3529,0.3022,0.489,62
DECH_CHEMBL101,decoy,-5.202,0.3445,0.3306,0.5542,46
DECH_CHEMBL1201317,decoy,-3.791,0.3445,0.2828,0.4592,67
DECH_CHEMBL1201348,decoy,-5.312,0.3445,0.2867,0.4662,65
DECH_CHEMBL1401346,decoy,-5.506,0.3445,0.2789,0.4525,69
DECH_CHEMBL1563897,decoy,-4.768,0.3445,0.3178,0.5263,51
DECH_CHEMBL1597201,decoy,-5.131,0.3445,0.2908,0.4735,63
DECH_CHEMBL1689063,decoy,-4.652,0.3445,0.2993,0.4893,59
DECH_CHEMBL2110978,decoy,-2.879,0.3445,0.3178,0.5263,51
DECH_CHEMBL7855,decoy,-5.551,0.3445,0.3106,0.5115,54
DECM_CHEMBL1752,decoy,-4.835,0.3445,0.2733,0.4429,72
DECM_CHEMBL2105420,decoy,-4.682,0.3445,0.3037,0.4978,57
DECM_CHEMBL419,decoy,-4.335,0.3445,0.2662,0.4311,76
DECM_CHEMBL830,decoy,-3.818,0.3445,0.2697,0.4369,74
DEC_CHEMBL1343679,decoy,-5.068,0.3445,0.3361,0.5666,44
DEC_CHEMBL1579999,decoy,-5.822,0.3445,0.2993,0.4893,59
DEC_CHEMBL1597270,decoy,-5.154,0.3445,0.3306,0.5542,46
DEC_CHEMBL1731606,decoy,-6.377,0.3445,0.2867,0.4662,65
ACT_adrenalina,activo,-4.555,0.3361,0.2685,0.4383,70
DECH_CHEMBL1006,decoy,-4.031,0.3361,0.2817,0.462,63
DECH_CHEMBL1201766,decoy,-4.969,0.3361,0.2878,0.4734,60
DECH_CHEMBL1872278,decoy,-6.623,0.3361,0.292,0.4815,58
DECH_CHEMBL1983350,decoy,-5.185,0.3361,0.292,0.4815,58
DECH_CHEMBL490,decoy,-6.213,0.3361,0.2797,0.4583,64
DECH_CHEMBL94394,decoy,-4.998,0.3361,0.2963,0.49,56
DECM_CHEMBL25,decoy,-4.619,0.3361,0.3361,0.5798,40
DECM_CHEMBL282052,decoy,-5.573,0.3361,0.32,0.5406,46
DECM_CHEMBL465026,decoy,-5.876,0.3361,0.3252,0.5528,44
DECM_CHEMBL762,decoy,-5.08,0.3361,0.32,0.5406,46
DEC_CHEMBL1210791,decoy,-5.232,0.3361,0.292,0.4815,58
DEC_CHEMBL1402356,decoy,-5.918,0.3361,0.2667,0.4352,71
DEC_CHEMBL1502123,decoy,-5.467,0.3361,0.2484,0.4049,82
DEC_CHEMBL1510247,decoy,-5.754,0.3361,0.3077,0.5135,51
DEC_CHEMBL1539969,decoy,-5.098,0.3361,0.3101,0.5186,50
DEC_CHEMBL1730073,decoy,-5.37,0.3361,0.292,0.4815,58
DEC_CHEMBL1896432,decoy,-6.199,0.3361,0.2759,0.4514,66
DEC_CHEMBL1900310,decoy,-5.977,0.3361,0.3101,0.5186,50
DEC_CHEMBL2179266,decoy,-5.373,0.3361,0.2941,0.4857,57
DEC_CHEMBL3193932,decoy,-5.044,0.3361,0.292,0.4815,58
DEC_MOLIBRESIB,decoy,-5.404,0.3361,0.2797,0.4583,64
ACT_CHEMBL2165613,activo,-6.449,0.3277,0.2566,0.4213,72
DECH_CHEMBL1201168,decoy,-5.474,0.3277,0.3,0.5056,50
DECH_CHEMBL1383511,decoy,-4.303,0.3277,0.3047,0.516,48
DECH_CHEMBL1570373,decoy,-5.092,0.3277,0.3071,0.5215,47
DECH_CHEMBL25014,decoy,-6.372,0.3277,0.291,0.4865,54
DECM_CHEMBL1237044,decoy,-4.997,0.3277,0.2932,0.4911,53
DECM_CHEMBL1430,decoy,-3.422,0.3277,0.2889,0.4821,55
DECM_CHEMBL1446677,decoy,-4.805,0.3277,0.2806,0.4654,59
DECM_CHEMBL1730073,decoy,-5.448,0.3277,0.2889,0.4821,55
DECM_CHEMBL18116,decoy,-5.157,0.3277,0.2727,0.4504,63
DECM_CHEMBL1879748,decoy,-4.904,0.3277,0.325,0.5653,40
DECM_CHEMBL648,decoy,-5.702,0.3277,0.3223,0.5583,41
DEC_CHEMBL1389758,decoy,-5.171,0.3277,0.2453,0.4022,79
DEC_CHEMBL1413381,decoy,-5.042,0.3277,0.2727,0.4504,63
DEC_CHEMBL1879692,decoy,-5.212,0.3277,0.2653,0.4368,67
DEC_CHEMBL1879748,decoy,-5.006,0.3277,0.3095,0.5271,46
DEC_CHEMBL2165608,decoy,-5.701,0.3277,0.2671,0.4401,66
ACT_5-fluorouridina,activo,-4.85,0.3193,0.2657,0.4424,62
DECH_CHEMBL1310629,decoy,-5.743,0.3193,0.2794,0.4697,55
DECH_CHEMBL1865134,decoy,-5.217,0.3193,0.2969,0.5081,47
DECH_CHEMBL408513,decoy,-5.96,0.3193,0.2533,0.4194,69
DECH_CHEMBL461522,decoy,-4.643,0.3193,0.2676,0.446,61
DECM_CHEMBL667,decoy,-3.251,0.3193,0.3089,0.5375,42
DECM_CHEMBL856,decoy,-5.349,0.3193,0.2774,0.4655,56
DECM_CHEMBL918,decoy,-5.006,0.3193,0.3115,0.544,41
DEC_CHEMBL1446677,decoy,-4.944,0.3193,0.2695,0.4497,60
DEC_CHEMBL1470785,decoy,-4.961,0.3193,0.3167,0.5578,39
DEC_CHEMBL166209,decoy,-5.533,0.3193,0.2879,0.4878,51
ACT_diazepanoquinazolina_4MQ,activo,-4.812,0.3109,0.3008,0.5297,41
DECH_CHEMBL1501518,decoy,-4.274,0.3109,0.2803,0.4797,50
DECH_CHEMBL923,decoy,-4.717,0.3109,0.2467,0.4113,68
DECM_CHEMBL1374893,decoy,-5.563,0.3109,0.2587,0.4343,61
DECM_CHEMBL1969867,decoy,-4.916,0.3109,0.2298,0.3816,79
DECM_CHEMBL473417,decoy,-5.952,0.3109,0.2298,0.3816,79
DECM_CHEMBL9250,decoy,-7.229,0.3109,0.2782,0.4749,51
DECM_CHEMBL978,decoy,-3.516,0.3109,0.3008,0.5297,41
DEC_CHEMBL1373390,decoy,-5.715,0.3109,0.2587,0.4343,61
DEC_CHEMBL1374893,decoy,-5.657,0.3109,0.2587,0.4343,61
DEC_CHEMBL1401914,decoy,-4.55,0.3109,0.2721,0.4616,54
DEC_CHEMBL1409776,decoy,-5.006,0.3109,0.2868,0.4947,47
DEC_CHEMBL1452318,decoy,-5.893,0.3109,0.3008,0.5297,41
DEC_CHEMBL2136341,decoy,-5.295,0.3109,0.2662,0.4493,57
DEC_Escitalopram,decoy,-5.086,0.3109,0.2803,0.4797,50
ACT_CHEMBL2165614,activo,-7.185,0.3025,0.2236,0.3737,78
DECM_CHEMBL3213756,decoy,-4.813,0.3025,0.2857,0.5033,43
DECM_CHEMBL550,decoy,-4.439,0.3025,0.2628,0.4491,54
DECM_CHEMBL595793,decoy,-5.992,0.3025,0.2812,0.492,45
DECM_CHEMBL607400,decoy,-4.323,0.3025,0.2647,0.4533,53
DECM_CHEMBL671,decoy,-3.28,0.3025,0.2903,0.5154,41
DEC_CHEMBL1332994,decoy,-5.514,0.3025,0.2903,0.5154,41
DEC_CHEMBL1334295,decoy,-4.814,0.3025,0.2571,0.4371,57
DEC_CHEMBL1491689,decoy,-5.114,0.3025,0.2927,0.5218,40
DEC_CHEMBL1712280,decoy,-5.144,0.3025,0.2857,0.5033,43
DEC_CHEMBL3213756,decoy,-4.764,0.3025,0.2791,0.4866,46
DECH_CHEMBL117785,decoy,-4.953,0.2941,0.2823,0.5073,40
DECH_CHEMBL1547534,decoy,-4.325,0.2941,0.2756,0.4893,43
DECH_CHEMBL1595,decoy,-5.451,0.2941,0.2612,0.4537,50
DECH_CHEMBL997,decoy,-4.187,0.2941,0.2215,0.373,74
DECM_CHEMBL1377,decoy,-5.068,0.2941,0.2349,0.398,65
DECM_CHEMBL2106939,decoy,-4.432,0.2941,0.2482,0.425,57
DECM_CHEMBL4435669,decoy,-6.339,0.2941,0.2174,0.3656,77
DECM_CHEMBL61006,decoy,-4.56,0.2941,0.25,0.4287,56
DECM_CHEMBL750,decoy,-5.083,0.2941,0.25,0.4287,56
DEC_CAPTOPRIL,decoy,-4.508,0.2941,0.2397,0.4075,62
DEC_CHEMBL1605531,decoy,-5.604,0.2941,0.2632,0.4583,49
DEC_CHEMBL1969867,decoy,-4.966,0.2941,0.216,0.3633,78
ACT_LCS-1,activo,-4.94,0.2907,0.2101,0.354,58
DECH_CHEMBL924,decoy,-4.376,0.2857,0.2329,0.3991,61
DECM_CHEMBL1068,decoy,-5.623,0.2857,0.2482,0.4322,52
DECM_CHEMBL1102,decoy,-5.314,0.2857,0.2464,0.4281,53
DECM_CHEMBL1177,decoy,-5.256,0.2857,0.2482,0.4322,52
DECM_CHEMBL315985,decoy,-5.581,0.2857,0.2446,0.4241,54
DECM_CHEMBL444,decoy,-4.576,0.2857,0.2378,0.4093,58
DEC_CHEMBL1558218,decoy,-5.012,0.2857,0.2556,0.4499,48
DECH_CHEMBL1208,decoy,-4.985,0.2773,0.2357,0.4117,54
DECM_CHEMBL1560,decoy,-4.235,0.2773,0.2292,0.3972,58
DECM_CHEMBL712,decoy,-5.374,0.2773,0.2598,0.4724,41
DECM_CHEMBL797,decoy,-5.425,0.2773,0.2619,0.4783,40
DEC_CHEMBL1315185,decoy,-6.137,0.2773,0.2129,0.3642,69
DEC_CHEMBL1414576,decoy,-4.527,0.2773,0.2619,0.4783,40
DEC_CHEMBL1602967,decoy,-6.175,0.2773,0.2578,0.4668,42
DEC_CHEMBL1730221,decoy,-5.112,0.2773,0.2357,0.4117,54
DEC_CHEMBL1900371,decoy,-4.315,0.2773,0.2598,0.4724,41
DEC_Teriflunomide,decoy,-5.805,0.2773,0.2115,0.3616,70
DECH_CHEMBL1540430,decoy,-5.357,0.2689,0.2424,0.4373,45
DECH_CHEMBL3137326,decoy,-5.24,0.2689,0.2602,0.4889,36
DECH_CHEMBL659,decoy,-5.02,0.2689,0.256,0.4759,38
DECM_CHEMBL1593719,decoy,-4.372,0.2689,0.2336,0.4149,50
DECM_CHEMBL17860,decoy,-4.618,0.2689,0.2222,0.3885,57
DECM_CHEMBL72,decoy,-5.51,0.2689,0.2462,0.4473,43
DEC_CHEMBL1441905,decoy,-5.269,0.2689,0.2462,0.4473,43
DEC_CHEMBL1461527,decoy,-4.666,0.2689,0.2388,0.4279,47
DEC_CHEMBL1540430,decoy,-5.361,0.2689,0.2462,0.4473,43
ACT_CHEMBL2165601,activo,-5.343,0.2605,0.2,0.3472,67
DECH_CHEMBL1311703,decoy,-6.101,0.2605,0.2246,0.4019,50
DECH_CHEMBL1524140,decoy,-5.012,0.2605,0.2,0.3472,67
DECM_CHEMBL1305,decoy,-5.068,0.2605,0.2403,0.4438,41
DECM_CHEMBL1591882,decoy,-6.068,0.2605,0.2403,0.4438,41
DECM_CHEMBL7863,decoy,-4.839,0.2605,0.2183,0.3867,54
DEC_CHEMBL1429852,decoy,-4.786,0.2605,0.2403,0.4438,41
DEC_CHEMBL1579274,decoy,-4.696,0.2605,0.2366,0.4334,43
DECH_CHEMBL1485521,decoy,-4.951,0.2521,0.2083,0.3708,55
DECM_CHEMBL1509423,decoy,-5.032,0.2521,0.2326,0.4348,40
DECM_CHEMBL2165607,decoy,-5.491,0.2521,0.1974,0.3465,63
DECM_CHEMBL591,decoy,-3.721,0.2521,0.25,0.4939,31
DECM_CHEMBL592,decoy,-5.511,0.2521,0.2381,0.4521,37
DEC_CHEMBL1346563,decoy,-5.462,0.2521,0.2256,0.4146,44
DEC_CHEMBL1372889,decoy,-5.013,0.2521,0.2521,0.5021,30
DEC_CHEMBL1443628,decoy,-5.081,0.2521,0.2326,0.4348,40
DEC_CHEMBL1570913,decoy,-5.604,0.2521,0.1923,0.336,67
DEC_CHEMBL1595503,decoy,-5.018,0.2521,0.24,0.4583,36
DEC_CHEMBL1708757,decoy,-4.727,0.2521,0.2479,0.4862,32
ACT_CHEMBL2165604,activo,-5.051,0.2437,0.1933,0.3432,60
ACT_CHEMBL2165606,activo,-5.896,0.2437,0.1908,0.3376,62
ACT_CHEMBL2165608,activo,-5.558,0.2437,0.1959,0.3491,58
DECH_CHEMBL319144,decoy,-4.946,0.2437,0.1835,0.3224,68
DECM_CHEMBL1100,decoy,-4.048,0.2437,0.2197,0.4102,42
DECM_CHEMBL1372889,decoy,-5.188,0.2437,0.2417,0.4854,30
DECM_CHEMBL2165606,decoy,-5.885,0.2437,0.1908,0.3376,62
DECM_CHEMBL427,decoy,-2.722,0.2437,0.2148,0.3963,45
DECM_CHEMBL861,decoy,-5.446,0.2437,0.2028,0.3652,53
DEC_CHEMBL1373755,decoy,-4.894,0.2437,0.2071,0.376,50
DEC_CHEMBL1476890,decoy,-5.583,0.2437,0.2248,0.4257,39
DEC_CHEMBL1527656,decoy,-4.976,0.2437,0.2086,0.3798,49
DEC_CHEMBL2179268,decoy,-5.595,0.2437,0.1871,0.3297,65
DEC_CHEMBL3194612,decoy,-5.677,0.2437,0.2437,0.4937,29
ACT_CHEMBL1939222,activo,-5.462,0.2353,0.1795,0.3184,65
ACT_CHEMBL2165605,activo,-5.556,0.2353,0.1783,0.3159,66
ACT_CHEMBL2165611,activo,-5.311,0.2353,0.1783,0.3159,66
ACT_CHEMBL2165612,activo,-5.33,0.2353,0.183,0.326,62
DECM_CHEMBL1201073,decoy,-3.338,0.2353,0.2029,0.3744,47
DECM_CHEMBL1461506,decoy,-5.734,0.2353,0.2137,0.4058,40
DECM_CHEMBL1939222,decoy,-5.446,0.2353,0.175,0.309,69
DECM_CHEMBL760,decoy,-4.928,0.2353,0.2171,0.4164,38
DEC_CHEMBL1461506,decoy,-5.847,0.2353,0.2154,0.411,39
DEC_CHEMBL1571416,decoy,-4.736,0.2353,0.2105,0.3961,42
DEC_CHEMBL1730329,decoy,-5.311,0.2353,0.1795,0.3184,65
DEC_CHEMBL2165612,decoy,-5.194,0.2353,0.1842,0.3286,61
DEC_CHEMBL2356527,decoy,-5.31,0.2353,0.2222,0.4339,35
DEC_CHEMBL3213140,decoy,-5.147,0.2353,0.2205,0.4278,36
DEC_Riluzole,decoy,-4.72,0.2353,0.1739,0.3068,70
ACT_CHEMBL1643556,activo,-5.054,0.2269,0.1875,0.3432,52
ACT_CHEMBL1643557,activo,-5.354,0.2269,0.1731,0.3094,64
ACT_CHEMBL2165610,activo,-5.222,0.2269,0.1677,0.298,69
DECM_CHEMBL1571416,decoy,-4.895,0.2269,0.2126,0.4184,35
DECM_CHEMBL1909282,decoy,-5.453,0.2269,0.1742,0.3118,63
DECM_CHEMBL39736,decoy,-4.37,0.2269,0.1875,0.3432,52
DECM_CHEMBL449,decoy,-4.676,0.2269,0.1942,0.361,47
DEC_CHEMBL1092384,decoy,-5.242,0.2269,0.1942,0.361,47
DEC_CHEMBL1879685,decoy,-4.509,0.2269,0.1971,0.369,45
DEC_CHEMBL2359671,decoy,-4.546,0.2269,0.2109,0.4125,36
DECH_CHEMBL1728200,decoy,-5.055,0.2185,0.1985,0.3866,38
DECH_CHEMBL7790,decoy,-6.245,0.2185,0.208,0.4213,32
DECM_CHEMBL1037,decoy,-5.153,0.2185,0.1781,0.3274,53
DECM_CHEMBL445,decoy,-5.612,0.2185,0.1806,0.3337,51
DECM_CHEMBL92401,decoy,-4.648,0.2185,0.1781,0.3274,53
DEC_CHEMBL1091583,decoy,-4.977,0.2185,0.1781,0.3274,53
DEC_CHEMBL1091584,decoy,-5.184,0.2185,0.1699,0.3077,60
DEC_CHEMBL1939222,decoy,-5.274,0.2185,0.1625,0.2912,67
DEC_CHEMBL1591882,decoy,-6.083,0.2101,0.1712,0.3178,52
DEC_CHEMBL272808,decoy,-6.011,0.2101,0.1582,0.2865,64
DEC_Lamotrigine,decoy,-4.371,0.2101,0.1712,0.3178,52
DECH_CHEMBL1350,decoy,-4.517,0.2017,0.1589,0.294,56
DECH_CHEMBL53,decoy,-5.883,0.2017,0.1714,0.328,45
DEC_CHEMBL1579933,decoy,-4.818,0.2017,0.1622,0.3022,53
DEC_CHEMBL1879543,decoy,-4.172,0.2017,0.1805,0.3569,38
ACT_CHEMBL2165603,activo,-4.841,0.1933,0.1513,0.2817,56
DECH_CHEMBL20287,decoy,-6.316,0.1933,0.1474,0.2722,60
DECM_CHEMBL1200790,decoy,-4.332,0.1933,0.1655,0.3215,43
DECH_CHEMBL1409776,decoy,-4.82,0.1849,0.1594,0.315,41
DEC_CHEMBL1462643,decoy,-5.52,0.1849,0.135,0.2482,66
DECM_CHEMBL513,decoy,-3.677,0.1513,0.1259,0.2546,42
DEC_CHEMBL1970198,decoy,-5.308,0.1513,0.1233,0.246,45
DECH_CHEMBL4802240,decoy,-5.474,0.0588,0.0345,0.0673,91
DECH_CHEMBL871,decoy,-3.884,0.0504,0.0341,0.0693,63
DECM_CHEMBL1414576,decoy,-4.545,0.042,0.0284,0.0582,62
DECM_CHEMBL1169,decoy,-4.462,0.0336,0.0215,0.0435,71
DECH_CHEMBL1303069,decoy,-5.834,0.0168,0.0104,0.0212,75
DECH_CHEMBL1304194,decoy,-6.097,0.0168,0.0109,0.0224,67
DECH_CHEMBL817,decoy,-5.425,0.0168,0.0109,0.0226,66
DEC_CHEMBL1569875,decoy,-5.116,0.0168,0.0108,0.0222,68
ACT_CHEMBL2165602,activo,-5.051,0.0084,0.0056,0.0117,61
DECH_CHEMBL1201213,decoy,-4.414,0.0084,0.0052,0.0107,73
DECH_CHEMBL1457,decoy,-5.268,0.0084,0.0055,0.0114,65
DECM_CHEMBL1574931,decoy,-4.954,0.0084,0.0058,0.0124,55
DEC_CHEMBL1383019,decoy,-6.205,0.0084,0.0053,0.0109,71
DEC_CHEMBL1570226,decoy,-5.149,0.0084,0.0062,0.0138,44
DEC_CHEMBL1574931,decoy,-4.825,0.0084,0.0057,0.012,58
DEC_CHEMBL2086626,decoy,-5.267,0.0084,0.0055,0.0114,65
DEC_Quercetin,decoy,-5.74,0.0084,0.0049,0.0098,87
DECH_CHEMBL203266,decoy,-4.205,0.0,0.0,0.0,60
DECH_CHEMBL295124,decoy,-5.24,0.0,0.0,0.0,53
DECH_CHEMBL3311423,decoy,-5.385,0.0,0.0,0.0,57
DECH_CHEMBL656,decoy,-5.621,0.0,0.0,0.0,68
DECM_CHEMBL1425,decoy,-3.643,0.0,0.0,0.0,60
DECM_CHEMBL1441905,decoy,-5.282,0.0,0.0,0.0,53
DECM_CHEMBL1468265,decoy,-4.766,0.0,0.0,0.0,52
DECM_CHEMBL1738,decoy,-4.701,0.0,0.0,0.0,77
DECM_CHEMBL476,decoy,-4.181,0.0,0.0,0.0,76
DEC_CHEMBL1468265,decoy,-4.953,0.0,0.0,0.0,54
DEC_CHEMBL1602618,decoy,-4.495,0.0,0.0,0.0,53
DEC_CHEMBL2165602,decoy,-4.985,0.0,0.0,0.0,67
