target,ligand,vina_affinity,smiles,mmgbsa_dG,dG_sd,n_rep,e_complex,e_receptor,e_ligand,segundos,receptor_md5,plataforma,error
TDP43_v2,CHEMBL417799,-8.4,C[n+]1cc2c3c(ccc2c2ccc4cc5c(cc4c21)OCO5)OCO3,-14.59,0.79,3,-4237.05,-4226.17,3.71,2697.1,1a17b49efaf7677d2909f5b45d0b3b4f,CUDA,
TDP43_v2,CHEMBL362071,-8.2,c1c2c(cc3c1OCO3)-c1cc3ccc4c(c3c[n+]1CC2)OCO4,-12.65,0.15,3,-4245.74,-4216.18,-16.91,2762.8,1a17b49efaf7677d2909f5b45d0b3b4f,CUDA,
TDP43_v2,BERBERINE,-7.6,COc1ccc2cc3[n+](cc2c1OC)CCc1cc2c(cc1-3)OCO2,-14.24,0.05,3,-4247.05,-4222.05,-10.76,2826.2,1a17b49efaf7677d2909f5b45d0b3b4f,CUDA,
TDP43_v2,CHEMBL176008,-7.5,COc1cc2c[n+](C)c3c4cc5c(cc4ccc3c2cc1OC)OCO5,-17.19,0.11,3,-4236.31,-4224.2,5.07,2965.6,1a17b49efaf7677d2909f5b45d0b3b4f,CUDA,
TDP43_v2,CHEMBL12089,-7.6,COc1ccc2cc3[n+](cc2c1OC)CCc1cc2c(cc1-3)OCO2,-12.42,0.12,3,-4243.06,-4218.69,-11.96,2315.8,1a17b49efaf7677d2909f5b45d0b3b4f,CUDA,
TDP43_v2,CHEMBL8443,-7.9,COc1cc2c[n+](C)c3c4cc5c(cc4ccc3c2cc1OC)OCO5,-18.24,0.06,3,-4237.63,-4224.5,5.11,3046.7,1a17b49efaf7677d2909f5b45d0b3b4f,CUDA,
TDP43_v2,CHEMBL490129,-8.4,C[n+]1cc2c3c(ccc2c2ccc4cc5c(cc4c21)OCO5)OCO3,-13.49,0.12,3,-4235.3,-4225.46,3.65,2576.0,1a17b49efaf7677d2909f5b45d0b3b4f,CUDA,
TDP43_v2,CHEMBL492613,-7.5,COc1ccc2cc3[n+](cc2c1OC)CCc1cc2c(cc1-3)OCO2,-11.35,1.01,3,-4246.34,-4222.77,-12.22,3136.4,1a17b49efaf7677d2909f5b45d0b3b4f,CUDA,
TDP43_v2,CHEMBL274189,-6.4,COc1cc2c(cc1OC)-c1cc3ccc(OC)c(OC)c3c[n+]1CC2,-23.97,0.85,3,-4254.61,-4225.81,-4.83,3882.1,1a17b49efaf7677d2909f5b45d0b3b4f,CUDA,
TDP43_v2,CHEMBL13045,-7.8,COc1ccc2c(c[n+](C)c3c4cc5c(cc4ccc23)OCO5)c1OC,-10.55,0.02,3,-4228.87,-4227.82,9.5,2702.5,1a17b49efaf7677d2909f5b45d0b3b4f,CUDA,
TDP43_v2,CHEMBL305942,-7.8,COc1ccc2c(c[n+](C)c3c4cc5c(cc4ccc23)OCO5)c1O,-11.46,0.92,3,-4237.37,-4222.71,-3.19,2783.5,1a17b49efaf7677d2909f5b45d0b3b4f,CUDA,
TDP43_v2,CHEMBL1187398,-8.9,COc1ccc2cc3[n+](cc2c1OCCCCCC[n+]1ccccc1)CCc1cc2c(cc1-3)OCO2,-24.46,0.04,3,-4255.31,-4209.01,-21.84,2383.9,1a17b49efaf7677d2909f5b45d0b3b4f,CUDA,
TDP43_v2,CHEMBL121087,-7.7,COc1cc2c(ccc3c4cc(OC)c(OC)cc4c[n+](C)c23)cc1O,-22.5,0.35,3,-4249.01,-4223.51,-3.0,3265.2,1a17b49efaf7677d2909f5b45d0b3b4f,CUDA,
TDP43_v2,CHEMBL47043,-6.1,COc1cc2c(cc1OC)-c1cc3cc(OC)c(OC)cc3c[n+]1CC2,-19.61,0.56,3,-4257.46,-4226.79,-11.06,2994.9,1a17b49efaf7677d2909f5b45d0b3b4f,CUDA,
TDP43_v2,CHEMBL5314422,-8.8,C[C@H](CCC(=O)[O-])[C@H]1CC[C@H]2[C@@H]3[C@@H](O)C[C@@H]4C[C@H](O)CC[C@]4(C)[C@H]3CC[C@]12C,-40.17,0.65,3,-4236.32,-4226.9,30.76,3480.8,1a17b49efaf7677d2909f5b45d0b3b4f,CUDA,
TDP43_v2,CHEMBL11531,-7.7,COc1ccc2cc3n(c(=O)c2c1OC)CCc1cc2c(cc1-3)OCO2,-26.04,0.05,3,-4252.28,-4220.62,-5.62,2807.7,1a17b49efaf7677d2909f5b45d0b3b4f,CUDA,
TDP43_v2,CHEMBL11848,-7.6,COc1ccc2c(c1OC)CN1CCc3cc4c(cc3C1=C2)OCO4,-30.41,5.98,3,-4248.87,-4215.24,-3.22,2637.2,1a17b49efaf7677d2909f5b45d0b3b4f,CUDA,
TDP43_v2,CHEMBL149056,-7.6,COc1cc2cc3c(c(-c4ccc5c(c4)OCO5)c2cc1OC)C(=O)CO3,-33.72,0.12,3,-4214.78,-4220.59,39.53,3581.2,1a17b49efaf7677d2909f5b45d0b3b4f,CUDA,
TDP43_v2,CHEMBL2314732,-8.0,COc1ccc2c(c1O)CN1CCc3cc4c(cc3[C@@H]1C2)OCO4,-54.97,0.17,3,-4274.92,-4222.05,2.1,2860.1,1a17b49efaf7677d2909f5b45d0b3b4f,CUDA,
TDP43_v2,CHEMBL4116134,-9.0,COc1ccc2c(Cc3ccc(C)cc3)c3[n+](cc2c1NCCCc1ccccc1)CCc1cc2c(cc1-3)OCO2,-32.9,0.05,3,-4233.37,-4216.25,15.78,2530.5,1a17b49efaf7677d2909f5b45d0b3b4f,CUDA,
TDP43_v2,CHEMBL440125,-7.6,COc1ccc(-c2c3c(cc4cc5c(cc24)OCO5)C(=O)OC3)cc1OC,-25.14,0.19,3,-4231.55,-4224.83,18.43,3331.8,1a17b49efaf7677d2909f5b45d0b3b4f,CUDA,
TDP43_v2,CHEMBL490533,-8.0,COc1ccc2c(c1OC)CN1CCc3cc4c(cc3[C@@H]1C2)OCO4,-30.29,0.37,3,-4230.93,-4214.53,13.89,2253.7,1a17b49efaf7677d2909f5b45d0b3b4f,CUDA,
TDP43_v2,CHEMBL292540,-7.6,COc1cc2cc3c(c(-c4ccc5c(c4)OCO5)c2cc1OC)COC3=O,-32.3,0.18,3,-4231.64,-4218.68,19.34,2381.8,1a17b49efaf7677d2909f5b45d0b3b4f,CUDA,
TDP43_v2,CHEMBL139545,-7.7,C=Cc1cc2c(cc1-c1cc3ccc(OC)c(OC)c3c(=O)n1C)OCO2,-30.15,0.24,3,-4241.8,-4230.58,18.93,2439.3,1a17b49efaf7677d2909f5b45d0b3b4f,CUDA,
TDP43_v2,CHEMBL11943,-6.8,COc1ccc2c(c1OC)C[N+]1(C)CCc3cc4c(cc3C1C2)OCO4,-38.47,0.13,3,-4333.46,-4217.61,-77.38,3061.0,1a17b49efaf7677d2909f5b45d0b3b4f,CUDA,
TDP43_v2,CHEMBL3897805,-6.7,COc1ccc(OC)c2c1C[C@H]1c3cc4c(cc3CCN1C2)OCO4,-44.11,2.72,3,-4271.54,-4224.42,-3.01,2536.4,1a17b49efaf7677d2909f5b45d0b3b4f,CUDA,
TDP43_v2,CHEMBL467094,-7.2,COc1cc2c3c(c1OC)-c1cc4c(cc1CC3N(C)CC2)OCO4,-29.49,0.49,3,-4203.0,-4221.6,48.08,2943.8,1a17b49efaf7677d2909f5b45d0b3b4f,CUDA,
TDP43_v2,CHEMBL323946,-6.7,COc1cc2c(cc1OC)-c1c3c(cc4c1[C@H](C2)N(OC)CC4)OCO3,-29.45,1.11,3,-4195.04,-4220.95,55.36,2741.3,1a17b49efaf7677d2909f5b45d0b3b4f,CUDA,
TDP43_v2,CHEMBL157912,-7.4,COc1ccc2c(c1O)-c1c3c(cc4c1[C@H](C2)N(C)CC4)OCO3,-32.53,0.11,3,-4207.91,-4221.54,46.16,2280.9,1a17b49efaf7677d2909f5b45d0b3b4f,CUDA,
TDP43_v2,CHEMBL300850,-6.2,COc1cc2c(c3oc(=O)ccc13)OCO2,-24.43,0.15,3,-4223.83,-4212.45,13.05,2073.4,1a17b49efaf7677d2909f5b45d0b3b4f,CUDA,
TDP43_v2,CHEMBL2334893,-8.0,COc1cc2c(cc1O)[C@@H]1Cc3cc4c(cc3CN1CC2)OCO4,-51.06,0.36,3,-4272.14,-4223.93,2.85,2496.9,1a17b49efaf7677d2909f5b45d0b3b4f,CUDA,
TDP43_v2,CHEMBL3921127,-7.5,COc1cc2c(c(OC)c1OC)CN1CCc3cc4c(cc3[C@@H]1C2)OCO4,-60.42,1.65,3,-4255.06,-4219.5,24.86,2708.6,1a17b49efaf7677d2909f5b45d0b3b4f,CUDA,
TDP43_v2,CHEMBL191958,-7.2,CNCCn1c(=O)c2cc(OC)c(OC)cc2c2cnc3cc4c(cc3c21)OCO4,-47.1,0.42,3,-4232.69,-4220.86,35.27,2898.4,1a17b49efaf7677d2909f5b45d0b3b4f,CUDA,
TDP43_v2,CHEMBL157013,-7.6,COc1cc(CC2COCC2Cc2ccc3c(c2)OCO3)cc(OC)c1OC,-27.8,1.44,3,-4217.0,-4228.28,39.07,2208.9,1a17b49efaf7677d2909f5b45d0b3b4f,CUDA,
TDP43_v2,CHEMBL358914,-6.6,COc1ccc(C(O)C2c3c(cc4c(c3OC)OCO4)CCN2C)c(CO)c1OC,-45.31,0.29,3,-4176.68,-4222.95,91.58,2763.8,1a17b49efaf7677d2909f5b45d0b3b4f,CUDA,
TDP43_v2,CHEMBL508159,-7.3,COc1ccc2c(c1OC)[C@H](CC1=C[C@@H]3[C@@H](CC1)[C@](C)(OC)CC[C@H]3C(C)C)N(C)c1c-2ccc2cc3c(cc12)OCO3,-48.68,3.5,3,-4164.2,-4215.02,99.51,2923.5,1a17b49efaf7677d2909f5b45d0b3b4f,CUDA,
TDP43_v2,CHEMBL82303,-7.2,COc1cc([C@@H]2c3cc4c(cc3C(=O)[C@H]3COC(=O)[C@@H]23)OCO4)cc(OC)c1OC,-23.41,0.37,3,-4257.64,-4231.39,-2.85,2842.9,1a17b49efaf7677d2909f5b45d0b3b4f,CUDA,
TDP43_v2,CHEMBL63970,-6.9,COc1cc([C@@H]2c3cc4c(cc3C[C@H]3COC(=O)[C@@H]32)OCO4)cc(OC)c1OC,-33.24,0.04,3,-4242.53,-4222.29,13.0,2880.3,1a17b49efaf7677d2909f5b45d0b3b4f,CUDA,
TDP43_v2,NOSCAPINE,-7.1,COc1ccc2c(c1OC)C(=O)O[C@@H]2[C@H]1c2c(cc3c(c2OC)OCO3)CCN1C,-41.55,0.39,3,-4174.81,-4222.81,89.56,2604.9,1a17b49efaf7677d2909f5b45d0b3b4f,CUDA,
TDP43_v2,CHEMBL126506,-6.0,COc1cc(CC(C)N)cc2c1OCO2,-27.16,0.1,3,-4234.08,-4231.94,25.01,2501.7,1a17b49efaf7677d2909f5b45d0b3b4f,CUDA,
TDP43_v2,CHEMBL2334880,-7.4,COc1c(O)ccc2c1CN1CCc3cc4c(cc3[C@H]1C2)OCO4,-53.02,0.38,3,-4265.31,-4217.21,4.92,2736.4,1a17b49efaf7677d2909f5b45d0b3b4f,CUDA,
TDP43_v2,CHEMBL47037,-7.7,COc1ccc(/C=C\c2cc(OC)c3c(c2)OCO3)cc1O,-30.4,0.56,3,-4250.44,-4229.36,9.32,2355.5,1a17b49efaf7677d2909f5b45d0b3b4f,CUDA,
TDP43_v2,CHEMBL108633,-7.0,COc1cc(-c2c3c(nc4cc5c(cc24)OCO5)COC3=O)cc(OC)c1OC,-29.06,0.18,3,-4234.12,-4225.83,20.77,2463.4,1a17b49efaf7677d2909f5b45d0b3b4f,CUDA,
TDP43_v2,CHEMBL2106732,-6.7,COc1ccc2c(c1OC)C(=O)O[C@@H]2[C@H]1c2c(cc3c(c2OC)OCO3)CCN1C,-38.92,0.02,3,-4169.54,-4225.68,95.06,2348.1,1a17b49efaf7677d2909f5b45d0b3b4f,CUDA,
TDP43_v2,CHEMBL95683,-7.6,COc1cc([C@@H]2c3cc4c(cc3C(=O)[C@H]3COC(=O)[C@H]23)OCO4)cc(OC)c1O,-33.18,0.92,3,-4262.75,-4216.24,-13.33,2248.3,1a17b49efaf7677d2909f5b45d0b3b4f,CUDA,
TDP43_v2,CHEMBL89905,-7.5,COc1cc([C@@H]2c3cc4c(cc3C[C@H]3COC(=O)[C@@H]32)OCO4)cc(OC)c1O,-23.21,0.46,3,-4240.47,-4219.49,2.23,2522.9,1a17b49efaf7677d2909f5b45d0b3b4f,CUDA,
TDP43_v2,CHEMBL65755,-9.0,O=C1OCc2cc3cc4c(cc3c(-c3ccc5c(c3)OCO5)c21)OCO4,-18.74,0.02,3,-4222.93,-4222.88,18.68,2392.7,1a17b49efaf7677d2909f5b45d0b3b4f,CUDA,
TDP43_v2,CHEMBL2057443,-7.9,COc1cc2c(c(OC)c1)CN1CCc3cc4c(cc3[C@@H]1C2)OCO4,-41.46,0.08,3,-4265.44,-4220.01,-3.97,2786.3,1a17b49efaf7677d2909f5b45d0b3b4f,CUDA,
TDP43_v2,CHEMBL345590,-7.1,COc1cc(C[C@H]2C(=O)OCC2Cc2ccc3c(c2)OCO3)cc(OC)c1OC,-34.23,0.5,3,-4243.9,-4220.08,10.41,2397.7,1a17b49efaf7677d2909f5b45d0b3b4f,CUDA,
TDP43_v2,CHEMBL291083,-6.2,COc1cc2c(cc1OC)C(C)=NCC2,-16.89,0.19,3,-4206.96,-4226.13,36.06,2162.4,1a17b49efaf7677d2909f5b45d0b3b4f,CUDA,
TDP43_v2,CHEMBL2057438,-6.7,COc1cc(OC)c2c(c1CO)C[C@H]1c3cc4c(cc3CCN1C2)OCO4,-29.9,0.26,3,-4259.2,-4219.18,-10.12,2728.0,1a17b49efaf7677d2909f5b45d0b3b4f,CUDA,
TDP43_v2,CHEMBL325864,-6.1,COc1cc2ccc(=O)oc2cc1OC,-28.38,0.09,3,-4239.66,-4216.04,4.75,2393.3,1a17b49efaf7677d2909f5b45d0b3b4f,CUDA,
TDP43_v2,CHEMBL304236,-9.0,O=C1OCc2c1cc1cc3c(cc1c2-c1ccc2c(c1)OCO2)OCO3,-23.19,0.15,3,-4229.59,-4221.02,14.63,2149.2,1a17b49efaf7677d2909f5b45d0b3b4f,CUDA,
TDP43_v2,CHEMBL19224,-7.1,COc1ccc(Cc2nccc3cc(OC)c(OC)cc23)cc1OC,-30.98,0.05,3,-4214.8,-4220.48,36.67,3375.9,1a17b49efaf7677d2909f5b45d0b3b4f,CUDA,
TDP43_v2,CHEMBL37607,-6.1,COc1cc2c(cc1OC)CC[N+](C)=C2,-16.66,0.54,3,-4261.48,-4228.17,-16.64,3155.7,1a17b49efaf7677d2909f5b45d0b3b4f,CUDA,
TDP43_v2,CHEMBL73252,-7.6,COc1ccc2c(ccc3cc(OC)c(OC)c(OC)c32)c1,-31.63,2.45,3,-4218.6,-4219.7,32.72,2561.0,1a17b49efaf7677d2909f5b45d0b3b4f,CUDA,
TDP43_v2,CHEMBL330498,-7.1,COc1cc([C@H]2C3=C(COC3=O)Cc3cc4c(cc32)OCO4)cc(OC)c1OC,-34.2,0.05,3,-4224.59,-4215.29,24.9,2817.6,1a17b49efaf7677d2909f5b45d0b3b4f,CUDA,
TDP43_v2,CHEMBL3986624,-7.0,COc1ccc(OC)c2c1C[C@H]1c3cc4c(cc3CCN1C2)OCCO4,-37.21,0.24,3,-4242.83,-4218.91,13.29,2377.7,1a17b49efaf7677d2909f5b45d0b3b4f,CUDA,
TDP43_v2,CHEMBL98123,-7.0,COc1ccc(Cc2nccc3cc(OC)c(OC)cc23)cc1OC,-29.06,0.9,3,-4221.22,-4228.32,36.16,2627.9,1a17b49efaf7677d2909f5b45d0b3b4f,CUDA,
TDP43_v2,CHEMBL421968,-7.3,COc1cc2c(ccc3cc(OC)c(OC)c(OC)c32)cc1O,-32.73,0.13,3,-4226.47,-4222.33,28.59,2419.9,1a17b49efaf7677d2909f5b45d0b3b4f,CUDA,
TDP43_v2,CHEMBL6391,-6.6,Cc1c(CC(C)N)ccc2c1OCO2,-24.09,0.02,3,-4222.9,-4222.4,23.6,2549.8,1a17b49efaf7677d2909f5b45d0b3b4f,CUDA,
TDP43_v2,CHEMBL1739674,-8.6,COc1ccccc1N1CCN(CCc2c[nH]c3cc4c(cc23)OCO4)CC1,-58.01,0.71,3,-4122.91,-4209.09,144.19,2693.4,1a17b49efaf7677d2909f5b45d0b3b4f,CUDA,
TDP43_v2,CHEMBL178372,-7.1,CCCCCOc1c(OC)ccc2cc(C(=O)NCc3ccc4c(c3)OCO4)c(=O)[nH]c12,-32.53,0.19,3,-4290.7,-4218.35,-39.82,2091.6,1a17b49efaf7677d2909f5b45d0b3b4f,CUDA,
TDP43_v2,CHEMBL321124,-7.1,COc1ccc(C(O)C(C)Oc2ccc([C@H]3O[C@H](c4ccc(OC(C)C(O)c5ccc6c(c5)OCO6)c(OC)c4)[C@H](C)[C@H]3C)cc2OC)cc1OC,-47.98,1.32,3,-4139.38,-4219.87,128.47,2353.2,1a17b49efaf7677d2909f5b45d0b3b4f,CUDA,
TDP43_v2,CHEMBL6078249,-6.8,COc1c(-c2ccc(O)cc2)oc2cc3c(cc2c1=O)OCO3,-37.39,0.29,3,-4239.0,-4224.17,22.56,2347.2,1a17b49efaf7677d2909f5b45d0b3b4f,CUDA,
TDP43_v2,CHEMBL504077,-9.4,COc1ccc2c(c1OC)C(CC1(C)C=Cc3c(c4cccc(OC)c4n(C)c3=O)O1)N(C)c1c-2ccc2cc3c(cc12)OCO3,-40.46,0.48,3,-4224.47,-4218.09,34.07,2689.3,1a17b49efaf7677d2909f5b45d0b3b4f,CUDA,
TDP43_v2,CHEMBL417990,-8.1,CN1CCc2cc3c(cc2[C@H]1[C@@H]1OC(=O)c2c1ccc1c2OCO1)OCO3,-40.49,0.11,3,-4180.86,-4219.79,79.42,2225.7,1a17b49efaf7677d2909f5b45d0b3b4f,CUDA,
TDP43_v2,CHEMBL35467,-7.5,COc1ccc(OC)c(Nc2cc3n(c(=O)n2)CCc2cc(OC)c(OC)cc2-3)c1,-36.82,0.05,3,-4389.41,-4233.15,-119.44,2358.0,1a17b49efaf7677d2909f5b45d0b3b4f,CUDA,
TDP43_v2,CHEMBL422695,-7.1,CC1Cc2cc3c(cc2C1=O)OCO3,-20.83,0.05,3,-4230.85,-4226.94,16.92,2262.9,1a17b49efaf7677d2909f5b45d0b3b4f,CUDA,
TDP43_v2,CHEMBL5774461,-7.5,COc1ccccc1-c1nc2cc3c(cc2c(=O)o1)OCCO3,-24.0,2.15,3,-4238.4,-4215.96,1.56,2339.9,1a17b49efaf7677d2909f5b45d0b3b4f,CUDA,
TDP43_v2,CHEMBL456218,-7.7,COc1ccc(CSc2nnc(-c3ccc4c(c3)OCO4)o2)cc1F,-23.12,0.03,3,-4224.28,-4219.8,18.65,2104.2,1a17b49efaf7677d2909f5b45d0b3b4f,CUDA,
TDP43_v2,CHEMBL432749,-6.4,COC(=O)[C@@H]1[C@H](CO)Cc2cc3c(cc2[C@H]1c1cc(OC)c(OC)c(OC)c1)OCO3,-29.77,0.05,3,-4253.37,-4226.65,3.05,2162.7,1a17b49efaf7677d2909f5b45d0b3b4f,CUDA,
TDP43_v2,CHEMBL250591,-9.0,CC(C)(C)Cn1c(Cc2ccc(-c3ccc4c(c3)OCO4)cc2)cc2cnc(C#N)nc21,-30.84,0.24,3,-4162.02,-4218.9,87.72,2648.9,1a17b49efaf7677d2909f5b45d0b3b4f,CUDA,
TDP43_v2,CHEMBL63962,-7.8,COc1cc(C[C@H]2C(=O)OC[C@@H]2Cc2ccc3c(c2)OCO3)ccc1O,-29.28,5.48,3,-4264.88,-4221.17,-14.43,2445.5,1a17b49efaf7677d2909f5b45d0b3b4f,CUDA,
TDP43_v2,CHEMBL24706,-7.6,COc1cc([C@@H]2c3cc4c(cc3[C@@H](O)[C@H]3COC(=O)[C@@H]23)OCO4)cc(OC)c1OC,-28.91,1.3,3,-4247.15,-4223.6,5.37,2653.3,1a17b49efaf7677d2909f5b45d0b3b4f,CUDA,
TDP43_v2,CHEMBL78005,-6.0,N#CC(C#N)=Cc1ccc2c(c1)OCO2,-13.08,0.04,3,-4255.64,-4226.52,-16.04,2107.4,1a17b49efaf7677d2909f5b45d0b3b4f,CUDA,
TDP43_v2,CHEMBL152275,-6.3,COc1cc2c(c(OC)c1OC)-c1cc3c(cc1CC1COC(=O)C1C2)OCO3,-30.41,0.32,3,-4222.49,-4217.64,25.56,2688.5,1a17b49efaf7677d2909f5b45d0b3b4f,CUDA,
TDP43_v2,CHEMBL436025,-6.2,COc1cc2c(c(OC)c1OC)-c1cc3c(cc1C(=O)[C@H]1COC(=O)[C@@H]1C2)OCO3,-23.04,0.35,3,-4222.26,-4210.2,10.98,2598.0,1a17b49efaf7677d2909f5b45d0b3b4f,CUDA,
TDP43_v2,CHEMBL154281,-6.0,COc1cc2c(c(OC)c1OC)-c1cc3c(cc1[C@@H](O)[C@H]1COC(=O)[C@@H]1C2)OCO3,-20.32,0.12,3,-4225.68,-4217.55,12.19,2853.3,1a17b49efaf7677d2909f5b45d0b3b4f,CUDA,
TDP43_v2,CHEMBL282984,-6.3,COc1c2c(cc3c1-c1ccc(OC)c(=O)cc1[C@@H](NC(C)=O)CC3)OCO2,-26.35,1.58,3,-4223.28,-4226.5,29.57,2648.4,1a17b49efaf7677d2909f5b45d0b3b4f,CUDA,
TDP43_v2,CHEMBL403578,-5.7,COc1cc2c(c(OC)c1OC)-c1c(cc3c(c1OC)OCO3)C[C@H](C)[C@@](C)(O)C2,-25.38,0.17,3,-4159.9,-4213.62,79.09,4110.5,1a17b49efaf7677d2909f5b45d0b3b4f,CUDA,
TDP43_v2,CHEMBL357525,-5.7,COc1cc2c(c(OC)c1OC)-c1cc3c(cc1[C@@H](OC(C)=O)C1COC(=O)[C@H]1C2)OCO3,-14.29,0.09,3,-4234.6,-4218.58,-1.73,3747.5,1a17b49efaf7677d2909f5b45d0b3b4f,CUDA,
TDP43_v2,CHEMBL28028,-6.1,COc1cc2c(c3c1OCO3)-c1ccc(OC)c(=O)cc1[C@@H](NC(C)=O)CC2,-26.7,0.19,3,-4221.87,-4228.14,32.96,4529.0,1a17b49efaf7677d2909f5b45d0b3b4f,CUDA,
TDP43_v2,CHEMBL522746,-6.5,COc1cc2c(cc1OC)[C@@H]1Cc3ccc(OC)c(O)c3CN1CC2,-66.56,0.29,3,-4269.92,-4218.95,15.59,4457.7,1a17b49efaf7677d2909f5b45d0b3b4f,CUDA,
TDP43_v2,CHEMBL6731,-5.9,CC(N)Cc1ccc2c(c1)OCO2,-23.85,0.01,3,-4235.19,-4231.07,19.73,4311.3,1a17b49efaf7677d2909f5b45d0b3b4f,CUDA,
TDP43_v2,CHEMBL2104353,-5.6,CNCCc1ccc2c(c1)OCO2,-23.73,0.04,3,-4230.52,-4227.11,20.32,3662.0,1a17b49efaf7677d2909f5b45d0b3b4f,CUDA,
TDP43_v2,CHEMBL449782,-8.2,COc1ccc2cc1Oc1ccc(cc1)C[C@H]1c3c(cc4c(c3Oc3cc5c(cc3OC)CCN(C)[C@@H]5C2)OCO4)CCN1C,-53.42,0.36,3,-4172.5,-4215.62,96.54,5050.8,1a17b49efaf7677d2909f5b45d0b3b4f,CUDA,
TDP43_v2,CHEMBL28941,-6.9,COc1cc([C@@H]2c3cc4c(cc3[C@H](O)[C@H]3COC(=O)[C@H]23)OCO4)cc(OC)c1O,-33.38,0.06,3,-4255.5,-4211.01,-11.1,3391.5,1a17b49efaf7677d2909f5b45d0b3b4f,CUDA,
TDP43_v2,CHEMBL381313,-6.6,CCCCCOc1c(OC)ccc2cc(NC(=O)Cc3ccc4c(c3)OCO4)c(O)nc12,-41.52,0.7,3,-4218.98,-4207.45,29.99,3317.4,1a17b49efaf7677d2909f5b45d0b3b4f,CUDA,
TDP43_v2,CHEMBL6965,-7.4,COc1ccc2ccc3oc([N+](=O)[O-])cc3c2c1OC,-23.68,0.79,3,-4185.8,-4217.93,55.82,3876.0,1a17b49efaf7677d2909f5b45d0b3b4f,CUDA,
TDP43_v2,CHEMBL5810661,-7.3,COc1ccccc1-c1nc2cc3c(cc2c(=O)o1)OCCCO3,-21.33,0.12,3,-4257.09,-4225.63,-10.12,4599.6,1a17b49efaf7677d2909f5b45d0b3b4f,CUDA,
TDP43_v2,CHEMBL54909,-6.8,COc1cc2ccc(=O)oc2c(O)c1O,-21.71,1.1,3,-4239.7,-4219.89,1.91,3955.6,1a17b49efaf7677d2909f5b45d0b3b4f,CUDA,
TDP43_v2,CHEMBL4438471,-7.3,COc1ccc2c(c1O)CN1CCc3cc(O)c(O)cc3C1C2,-41.13,1.82,3,-4276.98,-4220.49,-15.36,4086.2,1a17b49efaf7677d2909f5b45d0b3b4f,CUDA,
TDP43_v2,CHEMBL94954,-7.1,COc1ccc(Cc2nccc3cc(OC)c(OC)cc23)cc1,-25.54,0.93,3,-4226.04,-4226.57,26.07,3507.9,1a17b49efaf7677d2909f5b45d0b3b4f,CUDA,
TDP43_v2,CHEMBL274615,-6.9,COc1c2c(cc(O)c1-c1cc3ccccc3o1)OCO2,-31.17,1.44,3,-4219.68,-4218.06,29.55,3603.5,1a17b49efaf7677d2909f5b45d0b3b4f,CUDA,
TDP43_v2,CHEMBL126159,-6.2,COc1cc2c3c(n(CCCNCCO)c(=O)c2cc1OC)-c1cc2c(cc1C3=O)OCO2,-42.44,0.36,3,-4220.33,-4212.97,35.08,4322.6,1a17b49efaf7677d2909f5b45d0b3b4f,CUDA,
TDP43_v2,CHEMBL436279,-8.0,CN1Cc2c(ccc3c2OCO3)C2C(O)Cc3cc4c(cc3C21)OCO4,-30.39,1.57,3,-4233.93,-4223.85,20.32,3694.0,1a17b49efaf7677d2909f5b45d0b3b4f,CUDA,
TDP43_v2,CHEMBL92672,-7.1,COc1ccc(C(=O)C2=NCCc3cc(OC)c(OC)cc32)cc1,-22.93,0.09,3,-4163.07,-4223.04,82.9,3653.6,1a17b49efaf7677d2909f5b45d0b3b4f,CUDA,
TDP43_v2,CHEMBL1395394,-7.8,COc1cc2c(cc1O)[C@H]1Cc3ccc(OC)c(O)c3CN1CC2,-50.36,5.53,3,-4269.61,-4217.77,-1.48,4478.9,1a17b49efaf7677d2909f5b45d0b3b4f,CUDA,
TDP43_v2,CHEMBL2334887,-7.4,COc1cc2c(cc1O)CCN1Cc3c(ccc(OC)c3O)C[C@@H]21,-37.16,1.06,3,-4256.94,-4216.84,-2.95,3774.5,1a17b49efaf7677d2909f5b45d0b3b4f,CUDA,
TDP43_v2,CHEMBL1519539,-8.2,COc1ccc(-c2[nH]c(-c3cc(OC)c4c(c3)OCO4)nc2-c2ccccc2)cc1,-36.21,1.5,3,-4222.14,-4208.72,22.79,4302.3,1a17b49efaf7677d2909f5b45d0b3b4f,CUDA,
TDP43_v2,CHEMBL169186,-7.4,COc1cc2c(Nc3c(Cl)ccc4c3OCO4)ncnc2cc1OCCCN1CCCCC1,-55.17,0.52,3,-4282.78,-4218.88,-8.73,4055.2,1a17b49efaf7677d2909f5b45d0b3b4f,CUDA,
TDP43_v2,CHEMBL37533,-6.9,c1ccc2c(c1)CC1NCCc3cc4c(c-2c31)OCO4,-14.33,0.29,3,-4195.96,-4216.26,34.63,3396.8,1a17b49efaf7677d2909f5b45d0b3b4f,CUDA,
TDP43_v2,CHEMBL487182,-6.7,COc1cc2c(cc1OC)[C@@H]1Cc3ccc(OC)c(OC)c3CN1CC2,-45.96,5.61,3,-4243.64,-4217.47,19.79,3376.7,1a17b49efaf7677d2909f5b45d0b3b4f,CUDA,
TDP43_v2,CHEMBL5870313,-6.5,COc1ccc(-c2nc3cc4c(cc3c(=O)o2)OCCCO4)c(OC)c1,-23.35,0.24,3,-4268.69,-4225.74,-19.6,3833.8,1a17b49efaf7677d2909f5b45d0b3b4f,CUDA,
TDP43_v2,CHEMBL420095,-5.9,NCCc1ccc2c(c1)OCO2,-25.0,0.02,3,-4231.83,-4226.0,19.16,4205.6,1a17b49efaf7677d2909f5b45d0b3b4f,CUDA,
TDP43_v2,CHEMBL165903,-8.2,CN1C2Cc3cc4c(cc3C1Cc1cc3c(cc12)OCO3)OCO4,-39.46,0.09,3,-4237.58,-4223.3,25.18,4071.3,1a17b49efaf7677d2909f5b45d0b3b4f,CUDA,
TDP43_v2,CHEMBL43048,-6.0,CNC(C)Cc1ccc2c(c1)OCO2,-29.12,0.06,3,-4229.3,-4223.93,23.76,3653.1,1a17b49efaf7677d2909f5b45d0b3b4f,CUDA,
TDP43_v2,CHEMBL2110601,-6.0,COc1cc2nccc(N)c2cc1OC,-25.69,0.04,3,-4261.26,-4221.48,-14.08,3773.3,1a17b49efaf7677d2909f5b45d0b3b4f,CUDA,
TDP43_v2,CHEMBL3903297,-8.5,c1c2c(cc3c1OCO3)CN1CCc3cc4c(cc3[C@@H]1C2)OCO4,-48.37,0.16,3,-4257.93,-4223.04,13.48,3889.2,1a17b49efaf7677d2909f5b45d0b3b4f,CUDA,
TDP43_v2,CHEMBL278779,-6.4,COc1cc2nc3occc3c(OC)c2cc1OC,-26.37,1.67,3,-4227.05,-4219.41,18.73,3663.3,1a17b49efaf7677d2909f5b45d0b3b4f,CUDA,
TDP43_v2,CHEMBL93353,-6.4,COc1cccc2c1cc([N+](=O)[O-])c1c(C(=O)O)cc3c(c12)OCO3,-16.28,1.56,3,-4236.16,-4230.58,10.7,4434.0,1a17b49efaf7677d2909f5b45d0b3b4f,CUDA,
TDP43_v2,CHEMBL327300,-6.2,COc1ccc(Oc2ccnc3cc(OC)c(OC)cc23)cc1OC,-35.76,0.4,3,-4243.78,-4214.4,6.38,3699.5,1a17b49efaf7677d2909f5b45d0b3b4f,CUDA,
TDP43_v2,CHEMBL35426,-8.3,CN1CCc2cccc3c2[C@H]1Cc1ccc2c(c1-3)OCO2,-46.41,0.31,3,-4224.47,-4220.8,42.75,3841.4,1a17b49efaf7677d2909f5b45d0b3b4f,CUDA,
TDP43_v2,CHEMBL94263,-7.3,COc1ccc(C(=O)c2nccc3cc(OC)c(OC)cc23)cc1,-31.03,0.03,3,-4190.32,-4215.25,55.97,3801.9,1a17b49efaf7677d2909f5b45d0b3b4f,CUDA,
TDP43_v2,CHEMBL36654,-7.2,CN1CCc2cc3c(c4c2C1Cc1ccccc1-4)OCO3,-17.8,0.07,3,-4193.86,-4214.05,37.99,3214.5,1a17b49efaf7677d2909f5b45d0b3b4f,CUDA,
TDP43_v2,CHEMBL329841,-7.2,COc1ccc(C(O)c2nccc3cc(OC)c(OC)cc23)cc1,-29.56,0.64,3,-4214.27,-4227.87,43.16,2158.5,1a17b49efaf7677d2909f5b45d0b3b4f,CUDA,
TDP43_v2,CHEMBL139604,-6.8,COc1c2c(cc3ccc(=O)oc13)CCO2,-22.58,0.33,3,-4224.97,-4230.07,27.68,2013.4,1a17b49efaf7677d2909f5b45d0b3b4f,CUDA,
TDP43_v2,CHEMBL1450290,-6.2,CCOc1cc(-c2nccc3cc(OC)c(OC)cc23)cc(OCC)c1OCC,-27.81,3.01,3,-4195.14,-4215.66,48.32,2358.7,1a17b49efaf7677d2909f5b45d0b3b4f,CUDA,
TDP43_v2,CHEMBL89479,-5.5,COc1cc2c(c(OC)c1OC)-c1ccc(OC)c(=O)cc1C(=O)CC2,-21.4,1.39,3,-4171.12,-4224.0,74.28,2217.5,1a17b49efaf7677d2909f5b45d0b3b4f,CUDA,
TDP43_v2,CHEMBL105184,-5.4,COC(=O)c1cc(OC)c2c(c1-c1c(C(=O)OC)cc(OC)c3c1OCO3)OCO2,-27.07,0.43,3,-4228.31,-4222.08,20.84,2861.6,1a17b49efaf7677d2909f5b45d0b3b4f,CUDA,
TDP43_v2,CHEMBL273904,-5.4,COc1ccc(C)cc1OC,-21.06,0.03,3,-4238.39,-4229.19,11.87,2735.2,1a17b49efaf7677d2909f5b45d0b3b4f,CUDA,
TDP43_v2,CHEMBL34307,-7.2,COc1cc2c(cc1OC)-c1cc(Nc3cc(C)cc(C)c3)nc(=O)n1CC2,-25.39,0.09,3,-4369.62,-4222.42,-121.81,2323.0,1a17b49efaf7677d2909f5b45d0b3b4f,CUDA,
TDP43_v2,CHEMBL287494,-6.3,COc1cc(Nc2cc3n(c(=O)n2)CCc2cc(OC)c(OC)cc2-3)cc(OC)c1,-33.0,0.4,3,-4401.96,-4223.14,-145.82,3549.9,1a17b49efaf7677d2909f5b45d0b3b4f,CUDA,
TDP43_v2,CHEMBL242273,-6.2,C=CCc1ccc2c(c1)OCO2,-25.14,0.37,3,-4228.8,-4227.95,24.29,2610.3,1a17b49efaf7677d2909f5b45d0b3b4f,CUDA,
TDP43_v2,CHEMBL109606,-5.9,COc1cc2cc[nH]c2cc1OC,-29.51,0.36,3,-4228.78,-4221.79,22.51,2935.1,1a17b49efaf7677d2909f5b45d0b3b4f,CUDA,
TDP43_v2,CHEMBL174146,-8.8,c1ccc2nc(CCc3ccc4c(c3)OCO4)ccc2c1,-23.87,0.27,3,-4228.4,-4225.09,20.56,3141.2,1a17b49efaf7677d2909f5b45d0b3b4f,CUDA,
TDP43_v2,CHEMBL1982506,-7.2,COc1cc2cnc3c(c2cc1OC)C(=O)NC3=O,-33.69,0.03,3,-4260.44,-4207.86,-18.89,2487.3,1a17b49efaf7677d2909f5b45d0b3b4f,CUDA,
TDP43_v2,CHEMBL154848,-6.7,COc1cc2c(cc1OC)C(=O)C(C)C2,-28.1,0.29,3,-4230.93,-4223.24,20.41,2961.0,1a17b49efaf7677d2909f5b45d0b3b4f,CUDA,
TDP43_v2,CHEMBL3189075,-6.2,CNC(C)Cc1ccc2c(c1)OCO2,-29.26,0.02,3,-4229.24,-4223.75,23.78,2660.5,1a17b49efaf7677d2909f5b45d0b3b4f,CUDA,
TDP43_v2,CHEMBL127313,-6.1,CC(Cc1ccc2c(c1)OCO2)NO,-34.48,0.22,3,-4187.09,-4200.06,47.45,2392.3,1a17b49efaf7677d2909f5b45d0b3b4f,CUDA,
TDP43_v2,CHEMBL17322,-5.9,COC(=O)/C=C/c1ccc2c(c1)OCO2,-17.89,0.08,3,-4254.76,-4226.9,-9.97,2970.1,1a17b49efaf7677d2909f5b45d0b3b4f,CUDA,
TDP43_v2,CHEMBL3896731,-7.7,Cc1ccc(C)c2c1C[C@H]1c3cc4c(cc3CCN1C2)OCO4,-40.27,0.15,3,-4229.13,-4206.07,17.22,2765.4,1a17b49efaf7677d2909f5b45d0b3b4f,CUDA,
TDP43_v2,CHEMBL275006,-7.5,CC1=NN=C(c2ccc(N)cc2)c2cc3c(cc2C1)OCO3,-29.28,2.29,3,-4224.35,-4214.37,19.3,3611.0,1a17b49efaf7677d2909f5b45d0b3b4f,CUDA,
TDP43_v2,CHEMBL285152,-7.1,COc1ccc(CCc2cc(OC)c(OC)c(OC)c2)c(O)c1O,-28.8,0.68,3,-4229.4,-4224.66,24.07,2603.6,1a17b49efaf7677d2909f5b45d0b3b4f,CUDA,
TDP43_v2,CHEMBL339309,-6.9,COn1cc(C(=O)O)c(=O)c2cc3c(cc21)OCO3,-32.4,0.46,3,-4308.37,-4225.48,-50.48,3052.7,1a17b49efaf7677d2909f5b45d0b3b4f,CUDA,
TDP43_v2,CHEMBL21396,-6.5,COc1ccc2c(OC)c3ccoc3nc2c1OC,-25.66,1.95,3,-4199.24,-4221.29,47.72,2593.0,1a17b49efaf7677d2909f5b45d0b3b4f,CUDA,
TDP43_v2,CHEMBL79985,-6.3,COc1cc2c(cc1O)CCc1cc(OC)c(OC)c(OC)c1-2,-28.06,1.76,3,-4211.25,-4218.18,34.99,2905.9,1a17b49efaf7677d2909f5b45d0b3b4f,CUDA,
TDP43_v2,CHEMBL2334881,-8.1,COc1c(O)ccc2c1CN1CCc3cc4c(cc3[C@@H]1C2)OCCO4,-42.74,0.34,3,-4254.58,-4230.08,18.24,3209.9,1a17b49efaf7677d2909f5b45d0b3b4f,CUDA,
TDP43_v2,CHEMBL2104842,-7.1,COc1cc(N)c(Cl)cc1C(=O)N1CCN(Cc2ccc3c(c2)OCO3)CC1,-71.76,1.73,3,-4223.89,-4222.61,70.49,3018.3,1a17b49efaf7677d2909f5b45d0b3b4f,CUDA,
TDP43_v2,CHEMBL38347,-6.6,COc1cc2c(cc1OC)-c1cc(Nc3c(C)cc(C)cc3C)nc(=O)n1CC2,-37.97,1.03,3,-4369.68,-4219.04,-112.67,2577.8,1a17b49efaf7677d2909f5b45d0b3b4f,CUDA,
TDP43_v2,CHEMBL596265,-8.4,COc1ccc(-c2c3cc4c(cc3cc(=O)n2NC(=O)Nc2ccc(SC)cc2)OCO4)cc1,-39.29,0.01,3,-4319.63,-4226.05,-54.3,2854.0,1a17b49efaf7677d2909f5b45d0b3b4f,CUDA,
TDP43_v2,CHEMBL7941,-7.4,COc1cc2c(cc1OC)[C@@H]1C(=O)c3ccc4oc(C(C)C)cc4c3O[C@@H]1CO2,-30.37,0.43,3,-4237.75,-4223.9,16.52,2990.0,1a17b49efaf7677d2909f5b45d0b3b4f,CUDA,
TDP43_v2,CHEMBL113229,-7.1,CCN(Cc1ccc2c(c1)OCO2)Cc1ccc(-c2cc(S(=O)(=O)CC)ccc2OC)[nH]1,-52.54,0.38,3,-4230.78,-4215.72,37.48,2593.5,1a17b49efaf7677d2909f5b45d0b3b4f,CUDA,
TDP43_v2,CHEMBL267630,-7.1,COc1cc2c(cc1OC)[C@@H]1C(=O)c3ccc4c(c3O[C@@H]1CO2)C[C@H](C(C)C)O4,-24.76,0.01,3,-4241.58,-4225.47,8.65,2726.0,1a17b49efaf7677d2909f5b45d0b3b4f,CUDA,
TDP43_v2,CHEMBL285540,-6.4,CCOc1ccc(Nc2cc3n(c(=O)n2)CCc2cc(OC)c(OC)cc2-3)cc1,-35.09,0.11,3,-4370.86,-4207.76,-128.02,2811.4,1a17b49efaf7677d2909f5b45d0b3b4f,CUDA,
TDP43_v2,CHEMBL43469,-8.6,c1cc2c(cc1[C@H]1OC[C@H]3[C@@H]1CO[C@H]3c1ccc3c(c1)OCO3)OCO2,-33.09,0.05,3,-4226.75,-4222.6,28.94,3245.4,1a17b49efaf7677d2909f5b45d0b3b4f,CUDA,
TDP43_v2,CHEMBL141159,-6.8,O=C1NC(=O)C(=Cc2ccc3c(c2)OCO3)C(=O)N1,-37.81,0.03,3,-4443.67,-4220.7,-185.15,2622.9,1a17b49efaf7677d2909f5b45d0b3b4f,CUDA,
TDP43_v2,CHEMBL3604010,-6.1,CNC(C)C(=O)c1ccc2c(c1)OCO2,-22.36,4.53,3,-4202.39,-4229.02,48.99,2637.7,1a17b49efaf7677d2909f5b45d0b3b4f,CUDA,
TDP43_v2,CHEMBL356573,-6.0,COc1cc2nc(C)oc(=O)c2cc1OC,-17.55,0.11,3,-4274.8,-4223.78,-33.47,2804.5,1a17b49efaf7677d2909f5b45d0b3b4f,CUDA,
TDP43_v2,CHEMBL268689,-5.9,CCC(Cc1ccc2c(c1)OCO2)NC,-28.39,0.09,3,-4225.21,-4224.26,27.44,2445.9,1a17b49efaf7677d2909f5b45d0b3b4f,CUDA,
TDP43_v2,CHEMBL126279,-5.6,CCNC(C)Cc1ccc2c(c1)OCO2,-28.41,0.54,3,-4228.89,-4225.8,25.32,2853.4,1a17b49efaf7677d2909f5b45d0b3b4f,CUDA,
TDP43_v2,CHEMBL109652,-5.2,COc1cccc(OC)c1O,-24.72,0.19,3,-4246.7,-4230.32,8.34,2751.2,1a17b49efaf7677d2909f5b45d0b3b4f,CUDA,
TDP43_v2,CHEMBL2314747,-8.4,COc1ccc2c(c1OC)CN1CCc3cc(O)c(O)cc3C1C2,-34.76,1.7,3,-4268.4,-4226.29,-7.36,2957.4,1a17b49efaf7677d2909f5b45d0b3b4f,CUDA,
TDP43_v2,CHEMBL99941,-8.2,O=c1oc2cc(O)ccc2c2oc3cc4c(cc3c12)OCO4,-24.39,0.03,3,-4251.01,-4219.07,-7.54,2164.4,1a17b49efaf7677d2909f5b45d0b3b4f,CUDA,
TDP43_v2,CHEMBL21103,-7.8,COc1ccc2c(c1)OCC1c3cc4c(cc3OC21)OCO4,-22.04,0.18,3,-4278.28,-4221.44,-34.8,2647.5,1a17b49efaf7677d2909f5b45d0b3b4f,CUDA,
TDP43_v2,CHEMBL16116,-7.6,COc1cccc([C@H]2CC(=O)c3cc4c(cc3N2)OCO4)c1,-18.07,0.36,3,-4251.25,-4219.93,-13.26,2398.7,1a17b49efaf7677d2909f5b45d0b3b4f,CUDA,
TDP43_v2,CHEMBL36993,-7.1,COc1ccc2c(c1OC)C(=O)c1oc(C(C)O)cc1C2=O,-15.44,0.37,3,-4197.41,-4226.68,44.71,2562.7,1a17b49efaf7677d2909f5b45d0b3b4f,CUDA,
TDP43_v2,CHEMBL2106128,-6.6,COc1cc2c(cc1OC)-c1cc(NC(C)(C)C)nc(=O)n1CC2,-42.77,0.82,3,-4388.93,-4216.67,-129.49,3696.1,1a17b49efaf7677d2909f5b45d0b3b4f,CUDA,
TDP43_v2,CHEMBL363768,-9.1,COc1ccccc1CC1CCN([C@H]2CC[C@]3(CC2)OC(=O)c2c4c(ccc23)OCO4)CC1,-45.85,2.13,3,-4223.77,-4228.18,50.26,3064.4,1a17b49efaf7677d2909f5b45d0b3b4f,CUDA,
TDP43_v2,CHEMBL9831,-8.5,COc1cccc2c1CCCC2CN(C)CCc1ccc2c(c1)OCO2,-39.82,0.09,3,-4211.07,-4221.57,50.32,2877.9,1a17b49efaf7677d2909f5b45d0b3b4f,CUDA,
TDP43_v2,CHEMBL34137,-6.5,CCOc1ccccc1Nc1cc2n(c(=O)n1)CCc1cc(OC)c(OC)cc1-2,-42.7,0.11,3,-4373.06,-4222.73,-107.63,2461.2,1a17b49efaf7677d2909f5b45d0b3b4f,CUDA,
TDP43_v2,CHEMBL32955,-6.4,COc1cc([C@@H]2c3cc4c(cc3[C@H](O)[C@@H](CO)[C@@H]2C(=O)O)OCO4)cc(OC)c1OC,-32.14,0.31,3,-4276.63,-4214.49,-30.0,2551.6,1a17b49efaf7677d2909f5b45d0b3b4f,CUDA,
TDP43_v2,CHEMBL276462,-5.1,COC1=C[C@]23CCCN2CCc2cc4c(cc2[C@@H]3[C@@H]1O)OCO4,-32.45,0.1,3,-4184.91,-4216.79,64.33,2416.7,1a17b49efaf7677d2909f5b45d0b3b4f,CUDA,
TDP43_v2,CHEMBL349696,-9.2,c1c2c(cc3c1OCO3)C1Cc3cc4c(cc3C(C2)N1)OCO4,-23.24,0.17,3,-4225.93,-4221.77,19.09,2713.8,1a17b49efaf7677d2909f5b45d0b3b4f,CUDA,
TDP43_v2,CHEMBL111825,-7.9,Cn1c(N)nc(Cc2ccc3c(c2)OCO3)c1Cc1ccc2c(c1)OCO2,-29.91,0.15,3,-4248.3,-4222.74,4.36,2908.1,1a17b49efaf7677d2909f5b45d0b3b4f,CUDA,
TDP43_v2,CHEMBL2334892,-7.7,COc1cc2c(cc1O)[C@H]1Cc3ccc(OC)c(OC)c3CN1CC2,-56.59,0.76,3,-4253.14,-4208.71,12.16,2322.8,1a17b49efaf7677d2909f5b45d0b3b4f,CUDA,
TDP43_v2,CHEMBL4589737,-7.6,COc1ccc2c(c1OC)-c1ccc(C)c3c1[C@@H](C2)N(C)CC3,-49.22,0.24,3,-4208.51,-4214.7,55.4,2355.4,1a17b49efaf7677d2909f5b45d0b3b4f,CUDA,
TDP43_v2,CHEMBL2334885,-7.3,COc1cc2c(cc1O)CCN1Cc3c(ccc(OC)c3OC)C[C@@H]21,-46.84,0.32,3,-4257.66,-4217.77,6.95,2724.1,1a17b49efaf7677d2909f5b45d0b3b4f,CUDA,
TDP43_v2,CHEMBL153848,-7.1,COc1cc2c(cc1OC(C)C)CC(C)C2=O,-29.64,0.13,3,-4227.12,-4225.6,28.13,2508.8,1a17b49efaf7677d2909f5b45d0b3b4f,CUDA,
TDP43_v2,STIRIPENTOL,-7.0,CC(C)(C)C(O)/C=C/c1ccc2c(c1)OCO2,-29.89,0.3,3,-4257.25,-4223.66,-3.7,2947.4,1a17b49efaf7677d2909f5b45d0b3b4f,CUDA,
TDP43_v2,CHEMBL19633,-6.6,COc1ccc(Cc2cnc(N)nc2N)cc1OC,-38.09,0.3,3,-4452.06,-4225.36,-188.6,3275.3,1a17b49efaf7677d2909f5b45d0b3b4f,CUDA,
TDP43_v2,CHEMBL71851,-6.6,COc1cc2ccc(=O)oc2cc1O,-21.39,0.2,3,-4254.99,-4225.12,-8.48,2318.9,1a17b49efaf7677d2909f5b45d0b3b4f,CUDA,
TDP43_v2,CHEMBL76544,-6.5,COc1ccc2c(=O)cc(-c3ccc(OC)c(OC)c3OC)oc2c1,-27.67,0.72,3,-4225.32,-4224.11,26.47,2574.5,1a17b49efaf7677d2909f5b45d0b3b4f,CUDA,
TDP43_v2,CHEMBL1310629,-6.4,COc1ccc(/C=C2\COc3ccccc3C2=O)cc1OC,-21.22,1.71,3,-4222.11,-4219.63,18.74,2265.0,1a17b49efaf7677d2909f5b45d0b3b4f,CUDA,
TDP43_v2,CHEMBL12367,-6.4,COc1cc2c(cc1OC)CNCC2,-36.88,0.12,3,-4234.4,-4224.06,26.53,2995.1,1a17b49efaf7677d2909f5b45d0b3b4f,CUDA,
TDP43_v2,CHEMBL430932,-6.1,COC(=O)[C@@H]1[C@H](c2cc(OC)c(OC)c(OC)c2)c2cc3c(cc2[C@H](O)[C@H]1CO)OCO3,-32.23,0.0,3,-4251.74,-4215.1,-4.42,2507.7,1a17b49efaf7677d2909f5b45d0b3b4f,CUDA,
TDP43_v2,CHEMBL175775,-5.8,COc1ccc2c(c1O)-c1c(OC)c(OC)cc3c1C(C2)[N+](C)(C)CC3,-21.61,0.09,3,-4252.54,-4218.48,-12.45,2029.3,1a17b49efaf7677d2909f5b45d0b3b4f,CUDA,
TDP43_v2,CHEMBL312862,-5.8,CN[C@H]1CCc2cc(OC)c(OC)c(OC)c2-c2ccc(OC)c(=O)cc21,-36.98,1.28,3,-4181.91,-4219.36,74.43,1416.0,1a17b49efaf7677d2909f5b45d0b3b4f,CUDA,
