ligand,target,energy
CHEMBL156224,SOD1,-0.1023
CHEMBL439520,TDP43,-0.09004
CHEMBL154341,TDP43,-0.08877
CHEMBL409812,SOD1,-0.08538
CHEMBL444432,TDP43,-0.0718
CHEMBL265216,TDP43,-0.06526
CHEMBL439520,SOD1,-0.06377
CHEMBL157459,SOD1,-0.06353
CHEMBL501943,TDP43,-0.06286
CHEMBL445177,SOD1,-0.06157
CHEMBL409812,TDP43,-0.05887
CHEMBL4116086,TDP43,-0.05885
CHEMBL154341,SOD1,-0.05856
CHEMBL146675,TDP43,-0.05832
CHEMBL265564,SOD1,-0.05679
CHEMBL265024,TDP43,-0.04799
CHEMBL265216,SOD1,-0.04465
CHEMBL265024,SOD1,-0.04434
CHEMBL443598,SOD1,-0.04367
CHEMBL4116086,SOD1,-0.04146
CHEMBL156224,TDP43,-0.03523
CHEMBL445177,TDP43,-0.03342
CHEMBL500202,TDP43,-0.0324
CHEMBL503870,SOD1,-0.02976
CHEMBL441620,SOD1,-0.02546
CHEMBL146675,SOD1,-0.02508
CHEMBL441620,TDP43,-0.02424
CHEMBL444432,SOD1,-0.02369
CHEMBL6322,SOD1,-0.0227
CHEMBL403325,SOD1,-0.02263
CHEMBL4116106,TDP43,-0.02093
CHEMBL6322,TDP43,-0.0155
CHEMBL265564,TDP43,-0.01245
CHEMBL157459,TDP43,-0.01162
CHEMBL500202,SOD1,-0.01014
CHEMBL501943,SOD1,-0.009392
CHEMBL500206,TDP43,-0.009267
CHEMBL1205279,TDP43,-0.009158
CHEMBL500206,SOD1,-0.008865
CHEMBL1205279,SOD1,-0.007318
CHEMBL443598,TDP43,-0.007028
CHEMBL445025,SOD1,-0.007008
CHEMBL503870,TDP43,-0.006778
CHEMBL266902,SOD1,-0.006423
CHEMBL4116106,SOD1,-0.006281
CHEMBL498858,TDP43,-0.004356
CHEMBL445025,TDP43,-0.00413
CHEMBL403325,TDP43,-0.004085
CHEMBL154288,TDP43,-0.004059
CHEMBL266902,TDP43,-0.003775
CHEMBL498858,SOD1,-0.003734
CHEMBL265900,SOD1,-0.003448
CHEMBL265174,SOD1,-0.003033
CHEMBL267740,TDP43,-0.002833
CHEMBL264899,TDP43,-0.002715
CHEMBL267832,SOD1,-0.00268
CHEMBL499517,TDP43,-0.002575
CHEMBL498861,SOD1,-0.002458
CHEMBL262924,TDP43,-0.002407
CHEMBL409297,SOD1,-0.002398
CHEMBL411601,TDP43,-0.002367
CHEMBL1205372,SOD1,-0.002347
CHEMBL499809,SOD1,-0.002296
CHEMBL501671,TDP43,-0.002219
CHEMBL405225,TDP43,-0.002069
CHEMBL444231,SOD1,-0.002037
CHEMBL499809,TDP43,-0.001948
CHEMBL1205150,SOD1,-0.001827
CHEMBL443682,SOD1,-0.001786
CHEMBL262819,SOD1,-0.001733
CHEMBL265130,TDP43,-0.001677
CHEMBL155459,TDP43,-0.001643
CHEMBL444748,TDP43,-0.00162
CHEMBL264137,TDP43,-0.001607
CHEMBL500021,TDP43,-0.001598
CHEMBL263329,TDP43,-0.001548
CHEMBL503634,SOD1,-0.001513
CHEMBL266873,TDP43,-0.001439
CHEMBL264137,SOD1,-0.001427
CHEMBL501674,TDP43,-0.001419
CHEMBL264812,SOD1,-0.001385
CHEMBL267740,SOD1,-0.001349
CHEMBL438024,SOD1,-0.00132
CHEMBL438822,SOD1,-0.001311
CHEMBL154837,SOD1,-0.001198
CHEMBL411601,SOD1,-0.001152
CHEMBL500195,SOD1,-0.001151
CHEMBL499520,TDP43,-0.001128
CHEMBL4116108,SOD1,-0.001126
CHEMBL267832,TDP43,-0.001033
CHEMBL4116108,TDP43,-0.001
CHEMBL444924,SOD1,-0.0009858
CHEMBL498861,TDP43,-0.0009295
CHEMBL262664,TDP43,-0.0008927
CHEMBL154288,SOD1,-0.0008789
CHEMBL263555,SOD1,-0.0008697
CHEMBL217730,TDP43,-0.0008298
CHEMBL265174,TDP43,-0.0007764
CHEMBL444231,TDP43,-0.000768
CHEMBL4116102,SOD1,-0.0007653
CHEMBL442595,TDP43,-0.0007628
CHEMBL154837,TDP43,-0.0007602
CHEMBL264472,TDP43,-0.0007443
CHEMBL438329,TDP43,-0.0007381
CHEMBL500195,TDP43,-0.0007173
CHEMBL1205150,TDP43,-0.0006969
CHEMBL262924,SOD1,-0.0006819
CHEMBL262819,TDP43,-0.0006559
CHEMBL502053,TDP43,-0.0006379
CHEMBL268086,TDP43,-0.0006207
CHEMBL264521,TDP43,-0.0006072
CHEMBL500790,SOD1,-0.0005943
CHEMBL444736,SOD1,-0.0005927
CHEMBL506057,TDP43,-0.0004984
CHEMBL438327,SOD1,-0.0004803
CHEMBL502053,SOD1,-0.0004614
CHEMBL501923,SOD1,-0.0004497
CHEMBL4116085,SOD1,-0.0004378
CHEMBL405225,SOD1,-0.0004314
CHEMBL444987,TDP43,-0.0004174
CHEMBL263956,TDP43,-0.0004165
CHEMBL265900,TDP43,-0.0003868
CHEMBL261894,TDP43,-0.0003808
CHEMBL266960,SOD1,-0.0003743
CHEMBL444024,SOD1,-0.0003166
CHEMBL442595,SOD1,-0.0003135
CHEMBL498871,SOD1,-0.0002816
CHEMBL263329,SOD1,-0.0002718
CHEMBL444434,SOD1,-0.0002559
CHEMBL409297,TDP43,-0.0002538
CHEMBL266960,TDP43,-0.0002348
CHEMBL444748,SOD1,-0.0002303
CHEMBL266873,SOD1,-0.0002264
CHEMBL501671,SOD1,-0.0002234
CHEMBL264812,TDP43,-0.0002225
CHEMBL1082532,SOD1,-0.0002133
CHEMBL262244,SOD1,-0.0001962
CHEMBL503725,TDP43,-0.0001664
CHEMBL498871,TDP43,-0.0001655
CHEMBL500790,TDP43,-0.0001622
CHEMBL263555,TDP43,-0.0001509
CHEMBL265130,SOD1,-0.0001489
CHEMBL438132,SOD1,-0.0001411
CHEMBL438807,TDP43,-0.0001303
CHEMBL503725,SOD1,-0.0001153
CHEMBL263810,TDP43,-0.0001104
CHEMBL444434,TDP43,-0.0001012
CHEMBL261894,SOD1,-9.209e-05
CHEMBL444736,TDP43,-4.743e-05
CHEMBL155459,SOD1,-4.529e-05
CHEMBL268339,TDP43,-4.301e-05
CHEMBL264899,SOD1,-4.287e-05
CHEMBL444987,SOD1,-3.278e-05
CHEMBL437851,SOD1,-2.044e-05
CHEMBL503643,TDP43,-9.669e-06
CHEMBL262399,TDP43,-8.988e-06
CHEMBL1205372,TDP43,-7.081e-06
CHEMBL216546,SOD1,-6.617e-06
CHEMBL263810,SOD1,-5.841e-06
CHEMBL443602,TDP43,-3.441e-06
CHEMBL265282,SOD1,-1.357e-06
CHEMBL405416,TDP43,-1.307e-06
CHEMBL501101,TDP43,-7.571e-07
CHEMBL405398,TDP43,0.0
CHEMBL503634,TDP43,0.0
CHEMBL503643,SOD1,0.0
CHEMBL155287,TDP43,0.0
CHEMBL155287,SOD1,0.0
CHEMBL264472,SOD1,0.0
CHEMBL499520,SOD1,0.0
CHEMBL501674,SOD1,0.0
CHEMBL501923,TDP43,0.0
CHEMBL505943,TDP43,0.0
CHEMBL505943,SOD1,0.0
CHEMBL443992,TDP43,0.0
CHEMBL405667,SOD1,0.0
CHEMBL441131,SOD1,0.0
CHEMBL155374,TDP43,0.0
CHEMBL155374,SOD1,0.0
CHEMBL217730,SOD1,0.0
CHEMBL262664,SOD1,0.0
CHEMBL500021,SOD1,0.0
CHEMBL263956,SOD1,0.0
CHEMBL265282,TDP43,0.0
CHEMBL438327,TDP43,0.0
CHEMBL4116102,TDP43,0.0
CHEMBL444024,TDP43,0.0
CHEMBL444145,TDP43,0.0
CHEMBL444145,SOD1,0.0
CHEMBL444233,TDP43,0.0
CHEMBL444233,SOD1,0.0
CHEMBL441948,TDP43,0.0
CHEMBL441948,SOD1,0.0
CHEMBL442894,TDP43,0.0
CHEMBL442894,SOD1,0.0
CHEMBL444368,TDP43,0.0
CHEMBL444368,SOD1,0.0
CHEMBL153812,TDP43,0.0
CHEMBL443462,TDP43,0.0
CHEMBL443462,SOD1,0.0
CHEMBL443597,TDP43,0.0
CHEMBL443597,SOD1,0.0
CHEMBL443602,SOD1,0.0
CHEMBL443682,TDP43,0.0
CHEMBL437851,TDP43,0.0
CHEMBL263193,TDP43,0.0
CHEMBL263193,SOD1,0.0
CHEMBL443332,TDP43,0.0
CHEMBL443332,SOD1,0.0
CHEMBL443686,TDP43,0.0
CHEMBL443686,SOD1,0.0
CHEMBL155263,TDP43,0.0
CHEMBL443886,TDP43,0.0
CHEMBL499517,SOD1,0.0
CHEMBL444924,TDP43,0.0
CHEMBL445000,TDP43,0.0
CHEMBL445000,SOD1,0.0
CHEMBL268339,SOD1,0.0
CHEMBL155926,TDP43,0.0
CHEMBL155926,SOD1,0.0
CHEMBL262244,TDP43,0.0
CHEMBL262399,SOD1,0.0
CHEMBL262267,SOD1,0.0
CHEMBL153534,SOD1,1.895e-06
CHEMBL438132,TDP43,3.406e-06
CHEMBL501101,SOD1,3.414e-06
CHEMBL216546,TDP43,3.684e-06
CHEMBL153812,SOD1,4.26e-06
CHEMBL153534,TDP43,6.149e-06
CHEMBL499906,SOD1,7.871e-06
CHEMBL443886,SOD1,8.027e-06
CHEMBL155263,SOD1,6.208e-05
CHEMBL264521,SOD1,6.292e-05
CHEMBL1082532,TDP43,8.868e-05
CHEMBL405398,SOD1,0.0001102
CHEMBL268086,SOD1,0.0001497
CHEMBL441131,TDP43,0.0001753
CHEMBL405416,SOD1,0.0001882
CHEMBL405667,TDP43,0.0002035
CHEMBL438807,SOD1,0.000207
CHEMBL499906,TDP43,0.0003068
CHEMBL504077,TDP43,0.0003463
CHEMBL443992,SOD1,0.0004171
CHEMBL438329,SOD1,0.0004514
CHEMBL506057,SOD1,0.0005578
CHEMBL438024,TDP43,0.0006751
CHEMBL4116085,TDP43,0.0008236
CHEMBL504077,SOD1,0.0008631
CHEMBL262267,TDP43,0.001322
CHEMBL438822,TDP43,0.001478
