ligand,papel,quimia,afinidad,pesados,puesto,residual
DECM_CHEMBL21594,fondo,,-7.464,30,1,-1.066
DECM_CHEMBL9250,fondo,,-7.229,31,2,-0.724
DECM_CHEMBL14043,fondo,,-7.187,31,3,-0.682
DECM_CHEMBL20651,fondo,,-7.138,30,4,-0.74
DECH_CHEMBL27556,fondo,,-6.988,24,5,-1.227
DECM_CHEMBL4553656,fondo,,-6.976,30,6,-0.578
DECM_CHEMBL4436558,fondo,,-6.862,32,7,-0.251
DEC_CHEMBL1491654,fondo,,-6.861,26,8,-0.888
DECM_CHEMBL124937,fondo,,-6.858,19,9,-1.629
naftalenoaminoalcohol_946,positivo,aminoalcohol naftenico,-6.846,23,10,-1.192
DECH_CHEMBL26518,fondo,,-6.794,24,11,-1.033
DECM_CHEMBL584766,fondo,,-6.769,30,12,-0.371
paliperidona_K4I,positivo,benzisoxazol-piperidina,-6.727,31,13,-0.222
DECH_CHEMBL28280,fondo,,-6.71,24,14,-0.949
DECM_CHEMBL17224,fondo,,-6.699,30,15,-0.301
DEC_CHEMBL1327582,fondo,,-6.683,32,16,-0.072
DEC_CHEMBL1472702,fondo,,-6.677,31,17,-0.172
DECM_CHEMBL4435214,fondo,,-6.652,31,18,-0.147
DEC_CHEMBL1395067,fondo,,-6.624,26,19,-0.651
DECH_CHEMBL1872278,fondo,,-6.623,25,20,-0.756
DECM_CHEMBL4435035,fondo,,-6.6,32,21,0.011
DEC_CHEMBL124937,fondo,,-6.577,19,22,-1.348
DEC_CHEMBL1437517,fondo,,-6.57,23,23,-0.916
DECH_CHEMBL1540525,fondo,,-6.544,23,24,-0.89
DEC_CHEMBL1528023,fondo,,-6.535,20,25,-1.199
DEC_CHEMBL1491587,fondo,,-6.525,18,26,-1.402
"DEC_1,4-BIS(3'-PYRAZOLYLAMINO)BENZO[G]PHTHALAZINE",fondo,,-6.516,26,27,-0.543
DECH_CHEMBL1343730,fondo,,-6.438,23,28,-0.784
DEC_CHEMBL1475748,fondo,,-6.41,24,29,-0.649
DECH_CHEMBL1877893,fondo,,-6.395,24,30,-0.634
DEC_CHEMBL1731606,fondo,,-6.377,18,31,-1.254
DEC_CHEMBL1398411,fondo,,-6.376,23,32,-0.722
DECH_CHEMBL25014,fondo,,-6.372,25,33,-0.505
DECH_CHEMBL398707,fondo,,-6.371,21,34,-0.929
DEC_CHEMBL1554159,fondo,,-6.358,24,35,-0.597
DECM_CHEMBL1896432,fondo,,-6.341,30,36,0.057
DECM_CHEMBL4435669,fondo,,-6.339,31,37,0.166
Lig9_6B3,positivo,fenantridinona,-6.334,33,38,0.383
DECH_CHEMBL19130,fondo,,-6.334,21,39,-0.892
DECH_CHEMBL20287,fondo,,-6.316,20,40,-0.98
DECM_CHEMBL15139,fondo,,-6.289,31,41,0.216
DEC_CHEMBL1575024,fondo,,-6.285,23,42,-0.631
DECH_CHEMBL3310377,fondo,,-6.283,23,43,-0.629
DECH_CHEMBL1406300,fondo,,-6.27,23,44,-0.616
DEC_CHEMBL1732240,fondo,,-6.267,21,45,-0.825
DEC_CHEMBL3214262,fondo,,-6.262,26,46,-0.289
DEC_CHEMBL1587018,fondo,,-6.258,22,47,-0.71
DEC_CHEMBL1708737,fondo,,-6.256,26,48,-0.283
DEC_CHEMBL267400,fondo,,-6.256,20,49,-0.92
DECH_CHEMBL20160,fondo,,-6.251,23,50,-0.597
DECH_CHEMBL1162123,fondo,,-6.248,24,51,-0.487
DECH_CHEMBL7790,fondo,,-6.245,22,52,-0.697
DECH_CHEMBL70,fondo,,-6.244,21,53,-0.802
DECH_CHEMBL19179,fondo,,-6.227,24,54,-0.466
DECM_CHEMBL7969,fondo,,-6.22,19,55,-0.991
DEC_CHEMBL1330118,fondo,,-6.218,26,56,-0.245
DECH_CHEMBL490,fondo,,-6.213,24,57,-0.452
DEC_CHEMBL1383019,fondo,,-6.205,26,58,-0.232
DEC_CHEMBL1470903,fondo,,-6.203,29,59,0.089
DECH_CHEMBL3309988,fondo,,-6.202,25,60,-0.335
DECM_CHEMBL267400,fondo,,-6.202,20,61,-0.866
DEC_CHEMBL1896432,fondo,,-6.199,30,62,0.199
DECM_CHEMBL1304181,fondo,,-6.177,29,63,0.115
DEC_CHEMBL1602967,fondo,,-6.175,26,64,-0.202
DECH_CHEMBL1324,fondo,,-6.167,20,65,-0.831
DEC_CHEMBL1315185,fondo,,-6.137,26,66,-0.164
DEC_CHEMBL1732294,fondo,,-6.115,23,67,-0.461
DECM_CHEMBL4435744,fondo,,-6.11,29,68,0.182
DECH_CHEMBL3309993,fondo,,-6.106,25,69,-0.239
DECH_CHEMBL1311703,fondo,,-6.101,23,70,-0.447
DECH_CHEMBL926,fondo,,-6.1,22,71,-0.552
DECH_CHEMBL1304194,fondo,,-6.097,22,72,-0.549
DEC_CHEMBL1390550,fondo,,-6.085,21,73,-0.643
DEC_CHEMBL1591882,fondo,,-6.083,30,74,0.315
DECH_CHEMBL963,fondo,,-6.08,22,75,-0.532
DECM_CHEMBL1591882,fondo,,-6.068,30,76,0.33
DECH_CHEMBL7334,fondo,,-6.066,22,77,-0.518
DEC_CHEMBL1547432,fondo,,-6.058,18,78,-0.935
DECH_CHEMBL1201251,fondo,,-6.048,23,79,-0.394
DECH_CHEMBL1201273,fondo,,-6.044,24,80,-0.283
DEC_CHEMBL272808,fondo,,-6.011,23,81,-0.357
DEC_IPRIFLAVONE,fondo,,-6.01,21,82,-0.568
DEC_CHEMBL1601845,fondo,,-5.994,17,83,-0.977
DECM_CHEMBL595793,fondo,,-5.992,20,84,-0.656
DEC_CHEMBL1321608,fondo,,-5.992,22,85,-0.444
DEC_CHEMBL1431783,fondo,,-5.986,31,86,0.519
DECH_CHEMBL1597289,fondo,,-5.985,25,87,-0.118
DECM_CHEMBL7946,fondo,,-5.984,19,88,-0.755
DEC_CHEMBL1896241,fondo,,-5.977,22,89,-0.429
DEC_CHEMBL1900310,fondo,,-5.977,23,90,-0.323
DEC_5-HYDROXYFLAVONE,fondo,,-5.964,18,91,-0.841
DECH_CHEMBL408513,fondo,,-5.96,22,92,-0.412
DECM_CHEMBL473417,fondo,,-5.952,27,93,0.127
DECH_CHEMBL1601733,fondo,,-5.95,22,94,-0.402
DECH_CHEMBL3309985,fondo,,-5.95,24,95,-0.189
DECM_CHEMBL1431783,fondo,,-5.94,31,96,0.565
DECH_CHEMBL23647,fondo,,-5.936,24,97,-0.175
DECH_CHEMBL3310302,fondo,,-5.934,23,98,-0.28
DECH_CHEMBL588,fondo,,-5.934,21,99,-0.492
DECM_CHEMBL170988,fondo,,-5.927,15,100,-1.123
DECH_CHEMBL313972,fondo,,-5.925,22,101,-0.377
DEC_CHEMBL1476483,fondo,,-5.923,24,102,-0.162
DEC_CHEMBL1402356,fondo,,-5.918,23,103,-0.264
DEC_CHEMBL1304181,fondo,,-5.911,29,104,0.381
DEC_CHEMBL1896176,fondo,,-5.91,22,105,-0.362
DECM_CHEMBL469,fondo,,-5.905,19,106,-0.676
DEC_Baicalein,fondo,,-5.899,19,107,-0.67
DEC_CHEMBL1452318,fondo,,-5.893,21,108,-0.451
DEC_CHEMBL2360645,fondo,,-5.886,26,109,0.087
DECM_CHEMBL2165606,fondo,,-5.885,16,110,-0.975
DECH_CHEMBL53,fondo,,-5.883,20,111,-0.547
DECM_CHEMBL465026,fondo,,-5.876,19,112,-0.647
DECH_CHEMBL1077248,fondo,,-5.872,25,113,-0.005
DEC_CHEMBL1309718,fondo,,-5.848,26,114,0.125
DEC_CHEMBL1461506,fondo,,-5.847,18,115,-0.724
DECH_CHEMBL1303069,fondo,,-5.834,20,116,-0.498
DECM_CHEMBL27275,fondo,,-5.834,32,117,0.777
DEC_CHEMBL1429038,fondo,,-5.831,30,118,0.567
DECH_CHEMBL4543361,fondo,,-5.824,25,119,0.043
DEC_CHEMBL1579999,fondo,,-5.822,25,120,0.045
DECH_CHEMBL10012,fondo,,-5.82,22,121,-0.272
DEC_CHEMBL1502132,fondo,,-5.808,20,122,-0.472
DEC_Luteolin,fondo,,-5.808,21,123,-0.366
DECH_CHEMBL1256841,fondo,,-5.806,22,124,-0.258
DEC_CHEMBL3208261,fondo,,-5.805,22,125,-0.257
DEC_Teriflunomide,fondo,,-5.805,19,126,-0.576
DECM_CHEMBL266960,fondo,,-5.802,30,127,0.596
DECM_CHEMBL28286,fondo,,-5.793,31,128,0.712
DEC_Apigenin,fondo,,-5.791,20,129,-0.455
DECM_CHEMBL1474963,fondo,,-5.788,20,130,-0.452
DECH_CHEMBL80,fondo,,-5.78,24,131,-0.019
DECM_CHEMBL898,fondo,,-5.777,18,132,-0.654
DEC_CHEMBL1602108,fondo,,-5.762,22,133,-0.214
DEC_KAEMPFEROL,fondo,,-5.759,21,134,-0.317
DEC_CHEMBL1510247,fondo,,-5.754,21,135,-0.312
DECH_CHEMBL1310629,fondo,,-5.743,22,136,-0.195
DEC_Quercetin,fondo,,-5.74,22,137,-0.192
DEC_CHEMBL2143380,fondo,,-5.739,24,138,0.022
DECM_CHEMBL1461506,fondo,,-5.734,18,139,-0.611
DEC_CHEMBL1530615,fondo,,-5.731,24,140,0.03
DECH_CHEMBL1362943,fondo,,-5.717,22,141,-0.169
DEC_CHEMBL1373390,fondo,,-5.715,26,142,0.258
DECM_CHEMBL648,fondo,,-5.702,20,143,-0.366
DEC_CHEMBL2165608,fondo,,-5.701,18,144,-0.578
DECH_CHEMBL1578770,fondo,,-5.699,21,145,-0.257
DECM_CHEMBL21042,fondo,,-5.696,32,146,0.915
DEC_Genistein,fondo,,-5.691,20,147,-0.355
DEC_CHEMBL3194612,fondo,,-5.677,18,148,-0.554
DEC_CHEMBL1374893,fondo,,-5.657,20,149,-0.321
DECH_CHEMBL1462043,fondo,,-5.633,21,150,-0.191
DECM_CHEMBL1068,fondo,,-5.623,19,151,-0.394
DECH_CHEMBL656,fondo,,-5.621,23,152,0.033
DEC_CHEMBL1354314,fondo,,-5.619,22,153,-0.071
DEC_CHEMBL1474627,fondo,,-5.618,24,154,0.143
DEC_CHEMBL1486005,fondo,,-5.616,22,155,-0.068
DECM_CHEMBL445,fondo,,-5.612,20,156,-0.276
DEC_CHEMBL1531633,fondo,,-5.604,20,157,-0.268
DEC_CHEMBL1570913,fondo,,-5.604,24,158,0.157
DEC_CHEMBL1605531,fondo,,-5.604,20,159,-0.268
DEC_CHEMBL1343668,fondo,,-5.599,21,160,-0.157
DECH_CHEMBL329522,fondo,,-5.598,20,161,-0.262
DEC_CHEMBL2179268,fondo,,-5.595,19,162,-0.366
DEC_CHEMBL1476890,fondo,,-5.583,21,163,-0.141
DECM_CHEMBL315985,fondo,,-5.581,19,164,-0.352
DEC_CHEMBL2142154,fondo,,-5.575,24,165,0.186
DECM_CHEMBL282052,fondo,,-5.573,19,166,-0.344
DECM_CHEMBL1374893,fondo,,-5.563,20,167,-0.227
DECH_CHEMBL1486005,fondo,,-5.556,22,168,-0.008
DECH_CHEMBL7855,fondo,,-5.551,20,169,-0.215
DECH_CHEMBL294199,fondo,,-5.543,22,170,0.005
DEC_CHEMBL1437579,fondo,,-5.541,17,171,-0.524
cf3quinazolina_ZO0,positivo,quinazolina-CF3,-5.533,22,172,0.015
DECH_CHEMBL1437579,fondo,,-5.533,17,173,-0.516
DEC_CHEMBL166209,fondo,,-5.533,21,174,-0.091
DEC_CHEMBL1430765,fondo,,-5.52,21,175,-0.078
DEC_CHEMBL1462643,fondo,,-5.52,23,176,0.134
DEC_CHEMBL1332994,fondo,,-5.514,21,177,-0.072
DECM_CHEMBL592,fondo,,-5.511,19,178,-0.282
DECM_CHEMBL72,fondo,,-5.51,20,179,-0.174
DEC_CHEMBL1558140,fondo,,-5.507,23,180,0.147
DECH_CHEMBL1401346,fondo,,-5.506,22,181,0.042
DECH_CHEMBL1418679,fondo,,-5.499,23,182,0.155
DECH_CHEMBL311498,fondo,,-5.498,21,183,-0.056
DECM_CHEMBL2165607,fondo,,-5.491,16,184,-0.581
DECM_CHEMBL1232461,fondo,,-5.483,30,185,0.915
DEC_CHEMBL1570928,fondo,,-5.481,20,186,-0.145
DECH_CHEMBL1201168,fondo,,-5.474,17,187,-0.457
DECH_CHEMBL4802240,fondo,,-5.474,20,188,-0.138
DEC_CHEMBL1092604,fondo,,-5.474,18,189,-0.351
DECH_CHEMBL8960,fondo,,-5.471,24,190,0.29
DEC_CHEMBL1502123,fondo,,-5.467,20,191,-0.131
DEC_CHEMBL1346563,fondo,,-5.462,20,192,-0.126
DEC_CHEMBL1391531,fondo,,-5.458,22,193,0.09
DECM_CHEMBL1909282,fondo,,-5.453,16,194,-0.543
DEC_CHEMBL1608506,fondo,,-5.453,23,195,0.201
DECH_CHEMBL1595,fondo,,-5.451,22,196,0.097
DECH_CHEMBL1161220,fondo,,-5.449,21,197,-0.007
DECM_CHEMBL1730073,fondo,,-5.448,20,198,-0.112
DECM_CHEMBL1939222,fondo,,-5.446,16,199,-0.536
DECM_CHEMBL861,fondo,,-5.446,16,200,-0.536
DECM_CHEMBL8328,fondo,,-5.439,19,201,-0.21
DEC_ONONETIN,fondo,,-5.426,19,202,-0.197
DECH_CHEMBL817,fondo,,-5.425,21,203,0.017
DECM_CHEMBL797,fondo,,-5.425,14,204,-0.727
DEC_CHEMBL1524176,fondo,,-5.415,20,205,-0.079
DEC_CHEMBL1470097,fondo,,-5.411,19,206,-0.182
DECH_CHEMBL1507664,fondo,,-5.408,23,207,0.246
DECH_CHEMBL1530615,fondo,,-5.407,24,208,0.354
DEC_MOLIBRESIB,fondo,,-5.404,30,209,0.994
DEC_CHEMBL1435511,fondo,,-5.397,30,210,1.001
DEC_CHEMBL1570216,fondo,,-5.393,18,211,-0.27
DEC_CHEMBL1731670,fondo,,-5.392,31,212,1.113
DEC_CHEMBL1574978,fondo,,-5.391,18,213,-0.268
DEC_Tizanidine,fondo,,-5.39,18,214,-0.267
DEC_CHEMBL1900567,fondo,,-5.386,23,215,0.268
DECH_CHEMBL3311423,fondo,,-5.385,22,216,0.163
DECM_CHEMBL1118,fondo,,-5.378,19,217,-0.149
DECM_CHEMBL712,fondo,,-5.374,19,218,-0.145
DEC_CHEMBL2179266,fondo,,-5.373,20,219,-0.037
DECH_CHEMBL1602108,fondo,,-5.37,22,220,0.178
DEC_CHEMBL1730073,fondo,,-5.37,20,221,-0.034
DECM_CHEMBL3547132,fondo,,-5.369,15,222,-0.565
DEC_CHEMBL1468148,fondo,,-5.368,20,223,-0.032
DECH_CHEMBL3309763,fondo,,-5.365,21,224,0.077
DECM_CHEMBL3400972,fondo,,-5.362,15,225,-0.558
DEC_CHEMBL1092603,fondo,,-5.361,17,226,-0.344
DEC_CHEMBL1540430,fondo,,-5.361,17,227,-0.344
DECH_CHEMBL1540430,fondo,,-5.357,17,228,-0.34
DECM_CHEMBL856,fondo,,-5.349,16,229,-0.439
DEC_CHEMBL3189534,fondo,,-5.346,28,230,0.84
DEC_CHEMBL1509423,fondo,,-5.33,15,231,-0.526
DECH_CHEMBL1452696,fondo,,-5.326,24,232,0.435
DEC_CHEMBL1395044,fondo,,-5.316,22,233,0.232
DECH_CHEMBL1391531,fondo,,-5.314,22,234,0.234
DECM_CHEMBL1102,fondo,,-5.314,16,235,-0.404
DECH_CHEMBL1201348,fondo,,-5.312,21,236,0.13
DEC_CHEMBL1730329,fondo,,-5.311,15,237,-0.507
DEC_CHEMBL2356527,fondo,,-5.31,24,238,0.451
DEC_CHEMBL1970198,fondo,,-5.308,16,239,-0.398
DEC_CHEMBL1429107,fondo,,-5.299,18,240,-0.176
DEC_CHEMBL1875761,fondo,,-5.296,20,241,0.04
DEC_CHEMBL2136341,fondo,,-5.295,17,242,-0.278
DEC_CHEMBL1597290,fondo,,-5.292,24,243,0.469
DECM_CHEMBL741,fondo,,-5.289,16,244,-0.379
DEC_CHEMBL1896436,fondo,,-5.287,25,245,0.58
DECH_CHEMBL306700,fondo,,-5.282,17,246,-0.265
DECM_CHEMBL1441905,fondo,,-5.282,31,247,1.223
DEC_CHEMBL1939222,fondo,,-5.274,16,248,-0.364
DEC_CHEMBL1441905,fondo,,-5.269,31,249,1.236
DECH_CHEMBL1457,fondo,,-5.268,22,250,0.28
DECH_CHEMBL14370,fondo,,-5.267,23,251,0.387
DECM_CHEMBL1712280,fondo,,-5.267,19,252,-0.038
DEC_CHEMBL2086626,fondo,,-5.267,21,253,0.175
DEC_CHEMBL1373785,fondo,,-5.264,18,254,-0.141
DECH_CHEMBL1470097,fondo,,-5.263,19,255,-0.034
DECM_CHEMBL1177,fondo,,-5.256,13,256,-0.664
DEC_CHEMBL1343719,fondo,,-5.245,18,257,-0.122
DEC_CHEMBL1092384,fondo,,-5.242,16,258,-0.332
DECH_CHEMBL295124,fondo,,-5.24,25,259,0.627
DECH_CHEMBL3137326,fondo,,-5.24,29,260,1.052
DECH_CHEMBL1009,fondo,,-5.233,14,261,-0.535
DEC_CHEMBL1210791,fondo,,-5.232,23,262,0.422
DEC_CHEMBL1643541,fondo,,-5.231,15,263,-0.427
DEC_CHEMBL1536059,fondo,,-5.228,21,264,0.214
DEC_CHEMBL1592685,fondo,,-5.221,21,265,0.221
DECH_CHEMBL1865134,fondo,,-5.217,22,266,0.331
DEC_CHEMBL1402270,fondo,,-5.217,17,267,-0.2
DECM_CHEMBL925,fondo,,-5.216,13,268,-0.624
DEC_CHEMBL1879692,fondo,,-5.212,20,269,0.124
DECH_CHEMBL101,fondo,,-5.202,23,270,0.452
DEC_CHEMBL1900501,fondo,,-5.197,17,271,-0.18
DEC_CHEMBL2165612,fondo,,-5.194,15,272,-0.39
DECM_CHEMBL1372889,fondo,,-5.188,20,273,0.148
DECH_CHEMBL1983350,fondo,,-5.185,17,274,-0.168
DEC_CHEMBL1091584,fondo,,-5.184,17,275,-0.167
DECH_CHEMBL485,fondo,,-5.18,22,276,0.368
DEC_CHEMBL1322610,fondo,,-5.172,23,277,0.482
DEC_CHEMBL1389758,fondo,,-5.171,24,278,0.59
DECM_CHEMBL1440455,fondo,,-5.168,18,279,-0.045
DECH_CHEMBL1551968,fondo,,-5.163,24,280,0.598
DECM_CHEMBL218291,fondo,,-5.163,19,281,0.066
DECH_CHEMBL8488,fondo,,-5.162,23,282,0.492
DEC_Baclofen,fondo,,-5.161,14,283,-0.463
DECM_CHEMBL12856,fondo,,-5.158,14,284,-0.46
DECM_CHEMBL18116,fondo,,-5.157,15,285,-0.353
DEC_CHEMBL1597270,fondo,,-5.154,18,286,-0.031
DECM_CHEMBL1037,fondo,,-5.153,15,287,-0.349
DEC_CHEMBL1570226,fondo,,-5.149,26,288,0.824
DEC_CHEMBL3213140,fondo,,-5.147,18,289,-0.024
DECM_CHEMBL229128,fondo,,-5.146,13,290,-0.554
DEC_CHEMBL1712280,fondo,,-5.144,19,291,0.085
DEC_CHEMBL1092602,fondo,,-5.136,16,292,-0.226
DECH_CHEMBL105,fondo,,-5.134,24,293,0.627
DECH_CHEMBL1597201,fondo,,-5.131,19,294,0.098
DECH_CHEMBL849,fondo,,-5.128,17,295,-0.111
DECH_CHEMBL4594379,fondo,,-5.122,18,296,0.001
DECH_CHEMBL427216,fondo,,-5.119,22,297,0.429
DEC_CHEMBL1569875,fondo,,-5.116,17,298,-0.099
DEC_CHEMBL1491689,fondo,,-5.114,19,299,0.115
DEC_CHEMBL1730221,fondo,,-5.112,20,300,0.224
DEC_CHEMBL2359981,fondo,,-5.101,23,301,0.553
DEC_CHEMBL1539969,fondo,,-5.098,19,302,0.131
DECM_CHEMBL701,fondo,,-5.095,14,303,-0.397
DEC_CHEMBL1413075,fondo,,-5.094,17,304,-0.077
DECH_CHEMBL1570373,fondo,,-5.092,21,305,0.35
DEC_CHEMBL1486052,fondo,,-5.087,15,306,-0.283
DEC_Escitalopram,fondo,,-5.086,24,307,0.675
DECM_CHEMBL750,fondo,,-5.083,14,308,-0.385
DEC_CHEMBL1443628,fondo,,-5.081,17,309,-0.064
DECM_CHEMBL762,fondo,,-5.08,19,310,0.149
DECH_CHEMBL503634,fondo,,-5.078,21,311,0.364
DECH_CHEMBL1201117,fondo,,-5.074,17,312,-0.057
DECM_CHEMBL1305,fondo,,-5.068,20,313,0.268
DECM_CHEMBL1377,fondo,,-5.068,17,314,-0.051
DEC_CHEMBL1343679,fondo,,-5.068,20,315,0.268
DECH_CHEMBL1457583,fondo,,-5.057,24,316,0.704
DECH_CHEMBL1728200,fondo,,-5.055,20,317,0.281
DEC_CHEMBL3193932,fondo,,-5.044,24,318,0.717
DEC_CHEMBL1413381,fondo,,-5.042,20,319,0.294
DECH_CHEMBL953,fondo,,-5.035,22,320,0.513
DECM_CHEMBL1728134,fondo,,-5.033,18,321,0.09
DECM_CHEMBL1509423,fondo,,-5.032,15,322,-0.228
DEC_CHEMBL1440455,fondo,,-5.031,18,323,0.092
DEC_Arimoclomol,fondo,,-5.026,17,324,-0.009
DEC_CHEMBL1728134,fondo,,-5.026,18,325,0.097
DECH_CHEMBL659,fondo,,-5.02,21,326,0.422
DEC_CHEMBL1595503,fondo,,-5.018,23,327,0.636
DEC_CHEMBL1372889,fondo,,-5.013,20,328,0.323
DECH_CHEMBL1524140,fondo,,-5.012,20,329,0.324
DEC_CHEMBL1558218,fondo,,-5.012,18,330,0.111
DECM_CHEMBL918,fondo,,-5.006,13,331,-0.414
DEC_CHEMBL1409776,fondo,,-5.006,16,332,-0.096
DEC_CHEMBL1879748,fondo,,-5.006,15,333,-0.202
DECH_CHEMBL94394,fondo,,-4.998,16,334,-0.088
DECM_CHEMBL1237044,fondo,,-4.997,19,335,0.232
DEC_CHEMBL1541085,fondo,,-4.996,24,336,0.765
DEC_CHEMBL1390652,fondo,,-4.989,15,337,-0.185
DECH_CHEMBL1208,fondo,,-4.985,19,338,0.244
DEC_CHEMBL2165602,fondo,,-4.985,17,339,0.032
DEC_CHEMBL1091583,fondo,,-4.977,16,340,-0.067
DEC_CHEMBL1527656,fondo,,-4.976,16,341,-0.066
DECH_CHEMBL2103827,fondo,,-4.971,15,342,-0.167
DECH_CHEMBL1201766,fondo,,-4.969,19,343,0.26
DEC_CHEMBL1969867,fondo,,-4.966,18,344,0.157
quinazolina_12I,positivo,quinazolina,-4.961,17,345,0.056
DEC_CHEMBL1470785,fondo,,-4.961,16,346,-0.051
DECM_CHEMBL1574931,fondo,,-4.954,20,347,0.382
DECH_CHEMBL117785,fondo,,-4.953,23,348,0.701
DEC_CHEMBL1468265,fondo,,-4.953,15,349,-0.149
DECH_CHEMBL1485521,fondo,,-4.951,23,350,0.703
DECH_CHEMBL319144,fondo,,-4.946,20,351,0.39
DEC_CHEMBL1446677,fondo,,-4.944,19,352,0.285
DEC_CHEMBL1570375,fondo,,-4.937,16,353,-0.027
DECM_CHEMBL760,fondo,,-4.928,16,354,-0.018
DECM_CHEMBL770,fondo,,-4.924,12,355,-0.439
DECH_CHEMBL98,fondo,,-4.922,19,356,0.307
DECM_CHEMBL1969867,fondo,,-4.916,18,357,0.207
DECH_CHEMBL22,fondo,,-4.907,21,358,0.535
DECH_CHEMBL1228,fondo,,-4.904,24,359,0.857
DECM_CHEMBL1879748,fondo,,-4.904,15,360,-0.1
DECM_CHEMBL1571416,fondo,,-4.895,18,361,0.228
DEC_CHEMBL1373755,fondo,,-4.894,15,362,-0.09
DECM_CHEMBL188952,fondo,,-4.874,17,363,0.143
DEC_CHEMBL1429958,fondo,,-4.869,17,364,0.148
DECH_CHEMBL4298137,fondo,,-4.858,18,365,0.265
5-fluorouridina,positivo,nucleosido,-4.85,18,366,0.273
DEC_CHEMBL1563897,fondo,,-4.847,20,367,0.489
DEC_CHEMBL1256364,fondo,,-4.846,15,368,-0.042
DECM_CHEMBL7863,fondo,,-4.839,15,369,-0.035
DECM_CHEMBL1752,fondo,,-4.835,18,370,0.288
DECH_CHEMBL1201236,fondo,,-4.833,16,371,0.077
DECH_CHEMBL93,fondo,,-4.829,16,372,0.081
DEC_CHEMBL1574931,fondo,,-4.825,20,373,0.511
DECH_CHEMBL1409776,fondo,,-4.82,16,374,0.09
DEC_CHEMBL1579933,fondo,,-4.818,13,375,-0.226
DEC_CHEMBL1334295,fondo,,-4.814,16,376,0.096
DECM_CHEMBL3213756,fondo,,-4.813,15,377,-0.009
diazepanoquinazolina_4MQ,positivo,quinazolina,-4.812,18,378,0.311
DEC_Melatonin,fondo,,-4.808,17,379,0.209
DECM_CHEMBL1446677,fondo,,-4.805,19,380,0.424
DECM_CHEMBL459,fondo,,-4.798,15,381,0.006
DEC_CHEMBL1429852,fondo,,-4.786,18,382,0.337
DECH_CHEMBL1563897,fondo,,-4.768,20,383,0.568
DECM_CHEMBL1468265,fondo,,-4.766,15,384,0.038
DEC_CHEMBL3213756,fondo,,-4.764,15,385,0.04
DEC_Gabapentin,fondo,,-4.754,18,386,0.369
DECM_CHEMBL524,fondo,,-4.738,15,387,0.066
DECH_CHEMBL1536068,fondo,,-4.737,21,388,0.705
DEC_CHEMBL1571416,fondo,,-4.736,18,389,0.387
DECH_CHEMBL980,fondo,,-4.735,14,390,-0.037
DEC_CHEMBL1708757,fondo,,-4.727,19,391,0.502
DEC_Riluzole,fondo,,-4.72,15,392,0.084
DECH_CHEMBL923,fondo,,-4.717,17,393,0.3
DECM_CHEMBL1738,fondo,,-4.701,19,394,0.528
DECM_CHEMBL276832,fondo,,-4.696,12,395,-0.211
DEC_CHEMBL1579274,fondo,,-4.696,17,396,0.321
DECH_CHEMBL677,fondo,,-4.685,13,397,-0.093
DECM_CHEMBL1201260,fondo,,-4.683,13,398,-0.091
DECM_CHEMBL2105420,fondo,,-4.682,17,399,0.335
DEC_CHEMBL1978331,fondo,,-4.679,17,400,0.338
DECM_CHEMBL1232131,fondo,,-4.678,12,401,-0.193
DECM_CHEMBL449,fondo,,-4.676,15,402,0.128
DECH_CHEMBL1978331,fondo,,-4.675,17,403,0.342
DEC_CHEMBL1461527,fondo,,-4.666,16,404,0.244
DEC_Ezogabine,fondo,,-4.663,17,405,0.354
DECH_CHEMBL2105345,fondo,,-4.658,24,406,1.103
DECH_CHEMBL152,fondo,,-4.657,18,407,0.466
DECH_CHEMBL1689063,fondo,,-4.652,17,408,0.365
DECM_CHEMBL92401,fondo,,-4.648,13,409,-0.056
DECH_CHEMBL461522,fondo,,-4.643,21,410,0.799
DEC_CHEMBL1524161,fondo,,-4.641,20,411,0.695
isoproterenol,positivo,catecolamina,-4.636,15,412,0.168
DECM_CHEMBL25,fondo,,-4.619,13,413,-0.027
DECM_CHEMBL17860,fondo,,-4.618,16,414,0.292
DEC_CHEMBL1344270,fondo,,-4.606,19,415,0.623
DECM_CHEMBL704,fondo,,-4.6,11,416,-0.221
DECH_CHEMBL1201233,fondo,,-4.593,17,417,0.424
DECM_CHEMBL444,fondo,,-4.576,13,418,0.016
DECH_CHEMBL679,fondo,,-4.575,13,419,0.017
DECM_CHEMBL61006,fondo,,-4.56,11,420,-0.181
adrenalina,positivo,catecolamina,-4.555,13,421,0.037
dopamina,positivo,catecolamina,-4.553,11,422,-0.174
DECM_CHEMBL108545,fondo,,-4.551,11,423,-0.172
DEC_CHEMBL1401914,fondo,,-4.55,18,424,0.573
DECM_CHEMBL289480,fondo,,-4.546,13,425,0.046
DEC_CHEMBL2359671,fondo,,-4.546,15,426,0.258
DECM_CHEMBL1414576,fondo,,-4.545,18,427,0.578
DECM_CHEMBL1483,fondo,,-4.539,18,428,0.584
DEC_CHEMBL1414576,fondo,,-4.527,18,429,0.596
DEC_Thiamine,fondo,,-4.522,18,430,0.601
DECH_CHEMBL1350,fondo,,-4.517,17,431,0.5
DECM_CHEMBL301265,fondo,,-4.512,14,432,0.186
DEC_Pramipexole,fondo,,-4.511,14,433,0.187
DEC_CHEMBL1879685,fondo,,-4.509,24,434,1.252
DEC_CAPTOPRIL,fondo,,-4.508,14,435,0.19
DECM_CHEMBL979,fondo,,-4.502,15,436,0.302
DEC_CHEMBL1602618,fondo,,-4.495,22,437,1.053
DECM_CHEMBL1546,fondo,,-4.491,11,438,-0.112
DECH_CHEMBL434,fondo,,-4.481,15,439,0.323
DECM_CHEMBL1169,fondo,,-4.462,11,440,-0.083
DECM_CHEMBL550,fondo,,-4.439,15,441,0.365
DECM_CHEMBL2106939,fondo,,-4.432,13,442,0.16
DECH_CHEMBL1201213,fondo,,-4.414,17,443,0.603
DECM_CHEMBL112,fondo,,-4.403,11,444,-0.024
DECH_CHEMBL924,fondo,,-4.376,16,445,0.534
DECM_CHEMBL1593719,fondo,,-4.372,11,446,0.007
DEC_Lamotrigine,fondo,,-4.371,13,447,0.221
DECM_CHEMBL39736,fondo,,-4.37,11,448,0.009
DECH_CHEMBL546,fondo,,-4.349,19,449,0.88
DECM_CHEMBL419,fondo,,-4.335,12,450,0.15
DECM_CHEMBL1200790,fondo,,-4.332,13,451,0.26
DECH_CHEMBL1547534,fondo,,-4.325,21,452,1.117
DECM_CHEMBL607400,fondo,,-4.323,15,453,0.481
DEC_CHEMBL1900371,fondo,,-4.315,19,454,0.914
DECH_CHEMBL1383511,fondo,,-4.303,20,455,1.033
DEC_CHEMBL1501518,fondo,,-4.303,16,456,0.607
DECH_CHEMBL252556,fondo,,-4.301,24,457,1.46
DECM_CHEMBL345714,fondo,,-4.283,11,458,0.096
anilina_ZZT,positivo,anilina,-4.279,10,459,-0.006
DECH_CHEMBL1501518,fondo,,-4.274,16,460,0.636
DECM_CHEMBL877,fondo,,-4.241,11,461,0.138
DECM_CHEMBL1560,fondo,,-4.235,14,462,0.463
DECH_CHEMBL203266,fondo,,-4.205,19,463,1.024
DECM_CHEMBL1115,fondo,,-4.191,13,464,0.401
DECH_CHEMBL997,fondo,,-4.187,19,465,1.042
DECM_CHEMBL476,fondo,,-4.181,13,466,0.411
DEC_CHEMBL1879543,fondo,,-4.172,15,467,0.632
DECM_CHEMBL498847,fondo,,-4.103,13,468,0.489
DECM_CHEMBL1201293,fondo,,-4.061,11,469,0.318
DECH_CHEMBL3774966,fondo,,-4.06,16,470,0.85
DECM_CHEMBL1100,fondo,,-4.048,11,471,0.331
DEC_Alpha-Lipoic_Acid,fondo,,-4.045,12,472,0.44
DECH_CHEMBL1006,fondo,,-4.031,12,473,0.454
DEC_CHEMBL3774966,fondo,,-3.941,16,474,0.969
DECH_CHEMBL834,fondo,,-3.939,13,475,0.653
DECH_CHEMBL871,fondo,,-3.884,11,476,0.495
DECH_CHEMBL1201345,fondo,,-3.86,19,477,1.369
DECM_CHEMBL830,fondo,,-3.818,12,478,0.667
DECH_CHEMBL870,fondo,,-3.799,14,479,0.899
DECH_CHEMBL1201317,fondo,,-3.791,10,480,0.482
DECM_CHEMBL591,fondo,,-3.721,9,481,0.446
DECM_CHEMBL119423,fondo,,-3.702,10,482,0.571
DECM_CHEMBL513,fondo,,-3.677,12,483,0.808
DECM_CHEMBL1425,fondo,,-3.643,10,484,0.63
DECM_CHEMBL1482,fondo,,-3.62,11,485,0.759
DECM_CHEMBL965,fondo,,-3.526,10,486,0.747
DECM_CHEMBL978,fondo,,-3.516,11,487,0.863
DECM_CHEMBL1430,fondo,,-3.422,9,488,0.745
DECM_CHEMBL1201073,fondo,,-3.338,10,489,0.935
DECM_CHEMBL671,fondo,,-3.28,11,490,1.099
DECM_CHEMBL667,fondo,,-3.251,10,491,1.022
DECH_CHEMBL2110978,fondo,,-2.879,6,492,0.969
DECM_CHEMBL427,fondo,,-2.722,8,493,1.338
