ligando,nombre,origen,afinidad,pares_4A,residuos,enterrados,pesados,residuos_detalle
4MQ,diazepanoquinazolina,v4 (sin semilla),-10.024,43,12,14,20,GLU100:18 THR135:10 LYS70:9 HOH2076:9 HOH2074:8 HOH2075:7 HOH2068:7 LYS75:6 HOH2073:3 GLU78:3 HOH2114:2 GLY127:2
4MQ,diazepanoquinazolina,semilla 42,-10.075,41,12,14,20,GLU100:18 THR135:9 HOH2076:9 LYS70:8 HOH2074:8 HOH2075:7 HOH2068:7 LYS75:6 HOH2073:3 GLU78:3 HOH2114:2 GLY127:2
4MQ,diazepanoquinazolina,sin aguas,-10.451,86,17,17,20,GLU132:18 SER98:15 THR135:15 HOH2074:14 ILE99:12 GLU100:12 HOH2075:12 HOH2073:9 HOH2076:8 HOH2114:6 GLY130:5 HOH2058:4 ASN131:3 HOH2056:3 LYS75:3 GLY127:2 LYS30:1
ZO0,cf3-diazepanoquinazolina,v4 (sin semilla),-9.766,35,14,10,24,GLU100:11 HOH2075:9 THR135:9 LYS75:6 HOH2073:5 GLY127:5 HOH2078:4 HOH2068:4 HOH2114:4 HOH2079:3 HOH2074:3 HOH2076:1 HOH2056:1 HOH2058:1
ZO0,cf3-diazepanoquinazolina,semilla 42,-9.826,33,15,11,24,GLU100:12 HOH2075:10 THR135:8 LYS75:6 HOH2073:5 HOH2068:5 GLY127:5 HOH2078:4 HOH2079:3 HOH2074:3 HOH2114:3 LYS70:1 HOH2056:1 HOH2058:1 HOH2076:1
ZO0,cf3-diazepanoquinazolina,sin aguas,-10.886,104,19,23,24,SER98:25 ILE99:23 GLU100:18 GLU132:13 HOH2074:13 THR135:12 HOH2073:12 HOH2075:12 HOH2076:10 LYS70:8 GLY130:7 HOH2068:6 HOH2058:6 HOH2114:6 HOH2056:5 LYS75:5 ASN131:3 HOH2077:1 GLY127:1
12I,piperazinaquinazolina,v4 (sin semilla),-4.965,31,12,13,17,THR135:10 LYS70:9 HOH2068:8 GLU100:6 LYS75:6 HOH2076:5 HOH2075:4 GLU78:4 HOH2074:3 HOH2073:2 GLY127:2 HOH2114:2
12I,piperazinaquinazolina,semilla 42,-4.89,29,12,12,17,THR135:8 GLU100:7 HOH2068:7 LYS75:7 HOH2076:5 LYS70:5 HOH2075:4 GLU78:4 HOH2074:3 HOH2073:2 GLY127:2 HOH2114:2
12I,piperazinaquinazolina,sin aguas,-5.326,57,11,16,17,TRP32:50 SER98:13 HOH2116:9 LYS30:8 HOH2117:7 HOH2072:6 GLU132:5 ASP96:4 VAL97:4 HOH2118:3 HOH2076:2
