ligand,target,energy,smiles
14-BIS(3-PYRAZOLYLAMINO)BENZO[G]PHTHALAZINE,TDP43,-7.4,c1ccc2cc3c(Nc4cc[nH]n4)nnc(Nc4cc[nH]n4)c3cc2c1
CHEMBL1362588,TDP43,-7.3,CC1=CC(C)(C)Nc2ccc(OC(=O)C(C)N3C(=O)c4ccccc4C3=O)cc21
CHEMBL3309775,TDP43,-7.2,O=C(O)c1cn(Cc2ccccc2)c2ccc(Cc3ccccc3)cc2c1=O
CHEMBL9347,TDP43,-7.2,O=C1c2ccccc2CCCN1CCN1CCC(n2nnc3cc(F)ccc32)CC1
CHEMBL438329,TDP43,-7.106,C[C@H]1CC[C@@H](NCc2ccc3c(c2)Cc2c(-c4ccc(CC(=O)O)cc4)n[nH]c2-3)CC1
CHEMBL601104,TDP43,-7.1,Cc1ccc(Nc2cc(C)nc(N3CCN(C(=O)Nc4cccc(Cl)c4)CC3)n2)cc1
CHEMBL8553,TDP43,-7.082,COc1cccc(-c2ccc(C[C@H](CC(=O)NO)C(=O)N[C@H]3c4ccccc4C[C@H]3O)cc2)c1
CHEMBL7084,TDP43,-7.006,C/C(=C\Cn1oc(=O)[nH]c1=O)c1cccc(COc2cc(C(F)(F)F)cc(C(F)(F)F)c2)c1
CHEMBL3309292,TDP43,-6.984,CC1(C)CC(=O)Nc2cc(C(=O)NCc3cccc(/C=C/C(=O)NO)c3)ccc21
CHEMBL7251,TDP43,-6.932,C/C(=C\Cn1oc(=O)[nH]c1=O)c1cccc(OCc2cc(C(F)(F)F)cc(C(F)(F)F)c2)c1
CHEMBL7347,TDP43,-6.903,Nc1nc(N)c2cc(CNC(=O)c3ccc4ccccc4c3)ccc2n1
CHEMBL9532,TDP43,-6.9,Cc1cccc(NC(=O)NNc2nc3ccccc3c(=O)n2-c2cccc3ccccc23)c1
CHEMBL6819,TDP43,-6.9,Cc1oc(-c2ccc(C(F)(F)F)cc2)nc1COc1cccc(C2CC2Cn2oc(=O)[nH]c2=O)c1
CHEMBL7198,TDP43,-6.9,CN(C(=O)[C@H](CC#Cc1ccc(N)nc1)NS(=O)(=O)c1ccc2ccccc2c1)C1CCCC1
CHEMBL8496,TDP43,-6.9,O=C(C[C@@H](Cc1ccc(-c2cccc(F)c2)cc1)C(=O)N[C@H]1c2ccccc2C[C@H]1O)NO
CHEMBL4553671,TDP43,-6.9,NC(=O)NCc1[nH]c2c(-c3ccccc3)c(-c3ccccc3)nn2c(=O)c1-c1ccc2ncccc2c1
CHEMBL3311015,TDP43,-6.881,c1cc2cc(-c3ccc(-c4nc5ccc(C6=NCCN6)cc5[nH]4)cc3)[nH]c2cc1C1=NCCN1
CHEMBL1165499,TDP43,-6.806,CN1CCN(c2ccc(-c3cnc4c(c3)N(Cc3cc(F)ccc3F)CCN4)cn2)CC1
CHEMBL7403,TDP43,-6.8,Nc1nc(N)c2cc(NC(=O)Cc3ccc4ccccc4c3)ccc2n1
CHEMBL9171,TDP43,-6.8,Cc1cccc(NC(=O)NNc2nc3ccccc3c(=O)n2-c2cccc(N(C)C)c2)c1
CHEMBL9465,TDP43,-6.8,Cc1cccc(NC(=O)NNc2nc3ccccc3c(=O)n2-c2cccc(N)c2)c1
CHEMBL4116107,TDP43,-6.784,N=C(N)N1CCC[C@H]1Cc1nc(-c2ccc(Nc3nc(-c4cccc(F)c4)cs3)cc2)no1
CHEMBL6748,TDP43,-6.774,C/C(=C\Cn1oc(=O)[nH]c1=O)c1cccc(OCc2coc(-c3ccc(C(F)(F)F)cc3)n2)c1
CHEMBL9835,TDP43,-6.734,C(=C/c1ncnc2c1ncn2Cc1ccccc1)\c1ncnc2c1ncn2Cc1ccccc1
CHEMBL7587,TDP43,-6.73,CNc1ccc(C#CC[C@H](NS(=O)(=O)c2ccc3c(c2)CCCC3)C(=O)N(C)C2CCCC2)cc1
CHEMBL7029,TDP43,-6.729,C/C(=C\Cn1oc(=O)[nH]c1=O)c1cccc(OCc2nc(-c3ccc(C(F)(F)F)cc3)oc2C)c1
CHEMBL3347310,TDP43,-6.726,N#Cc1cc(Cl)cc(Oc2cc(CC(=O)N3CCc4ccccc4C3)[nH]c(=O)c2Cl)c1
CHEMBL8432,TDP43,-6.707,O=C(C[C@@H](Cc1ccc(-c2ccc3c(c2)OCO3)cc1)C(=O)N[C@H]1c2ccccc2C[C@H]1O)NO
CHEMBL6765,TDP43,-6.703,C/C(=C\Cn1oc(=O)[nH]c1=O)c1cccc(OCc2nc(-c3ccccc3)oc2C)c1
CHEMBL7496,TDP43,-6.703,O=C(c1cc2ccccc2[nH]1)c1cc2cc(OC(=O)C3CCC3)ccc2[nH]1
CHEMBL6293,TDP43,-6.7,O=c1cnn(-c2ccc(-c3ccc4oc5ccc(Cl)cc5c(=O)c4c3)cc2)c(=O)[nH]1
CHEMBL4116116,TDP43,-6.7,COc1ccc(C(=O)C[n+]2c(C)n(Cc3c4c(cc5c3OCC5)OCC4)c3ccccc32)cc1
CHEMBL3309822,TDP43,-6.7,O=S(=O)(c1ccccc1)N1N=C(C(F)(F)F)CC1c1ccc2ccccc2c1
CHEMBL1076221,TDP43,-6.7,O=c1[nH]c2cnc(-n3cnc4ccccc43)nc2n1C1CCOc2ccc(Cl)cc21
CHEMBL1210578,TDP43,-6.688,O=C(Cn1nc(C2CCC(F)(F)CC2)c2cnccc2c1=O)NC1Cc2ccccc2C1
CHEMBL6914,TDP43,-6.683,C/C(=C\c1cccc(OCc2nc(-c3ccc(C(F)(F)F)cc3)oc2C)c1)Cn1oc(=O)[nH]c1=O
CHEMBL4553134,TDP43,-6.682,O=c1n(Cc2ccc(Cl)cc2)nc2ccc(-c3ccccc3)nn12
CHEMBL7134,TDP43,-6.678,Nc1nc(N)c2c(CCc3ccc4ccccc4c3)cccc2n1
CHEMBL7136,TDP43,-6.673,CC(=O)Nc1nc(O)c2cc(S(=O)(=O)c3ccc4ccccc4c3)ccc2n1
CHEMBL7360,TDP43,-6.664,C/C(=C\Cn1oc(=O)[nH]c1=O)c1cccc(OCc2ccc3c(Cl)cccc3c2)c1
CHEMBL1086063,TDP43,-6.637,NC(=O)c1ccc2c(ccn2CC(=O)COc2ccc(-c3ccccc3)cc2)c1
CHEMBL6850,TDP43,-6.613,C#CCN(Cc1ccc2nc(C)nc(O)c2c1)c1ccc(C(=O)NCc2cccc(C(=O)O)c2)cc1
CHEMBL6929,TDP43,-6.611,Nc1nc(S)c2cc(S(=O)(=O)c3ccc4ccccc4c3)ccc2n1
CHEMBL9138,TDP43,-6.601,NC(=O)[C@@H](Cc1c[nH]c2ccccc12)NCc1ccc2ccccc2c1
CHEMBL155451,TDP43,-6.6,CS(=O)(=O)c1ccc(-c2cc3c(cc2C(=O)c2ccc(F)cc2)OCO3)cc1
CHEMBL439267,TDP43,-6.6,Cc1ccc(C(N)=O)cc1Nc1ncnc2c1cnn2-c1ccccc1
CHEMBL502237,TDP43,-6.6,CC1=C(C)C(=O)O[C@@H]([C@]2(C)OC(=O)[C@]34CC[C@H]5[C@@H](C[C@H]6O[C@]67[C@@H](O)CCC(=O)[C@]57C)[C@@H]3CC[C@H]24)C1
CHEMBL9336,TDP43,-6.6,CCOC(=O)c1cccc(NC(=O)NNc2nc3ccccc3c(=O)n2-c2ccccc2)c1
CHEMBL3310332,TDP43,-6.6,Cc1cc(O)cc(-c2nn(C)cc2-c2cc(N3CCOCC3)nc(-c3cccnc3)n2)c1
CHEMBL1761221,TDP43,-6.6,CCCCN1C(=O)c2cccc3c(-n4cc(-c5ccccc5)nn4)ccc(c23)C1=O
CHEMBL3311449,TDP43,-6.6,O=C(Nc1cccc(Nc2nc(-c3ccccc3)c3cc[nH]c3n2)c1)N1CCCC1
CHEMBL6925,TDP43,-6.6,Cc1oc(-c2ccc(C(F)(F)F)cc2)nc1COc1ccc2oc(Cn3oc(=O)[nH]c3=O)cc2c1
CHEMBL7550,TDP43,-6.6,CCc1nc2c(C)cc(C)nc2n1Cc1ccc(-c2ccccc2-c2nn[nH]n2)cc1
CHEMBL7748,TDP43,-6.6,Nc1nc2ccc(OCc3ccccc3)cc2c2nc(-c3ccco3)nn12
CHEMBL8891,TDP43,-6.6,O=C(c1ccc(-c2ccccc2)cc1)c1ccc2n1CCC2C(=O)O
CHEMBL9718,TDP43,-6.6,C(#Cc1ncnc2c1ncn2Cc1ccccc1)c1ncnc2c1ncn2Cc1ccccc1
CHEMBL3309835,TDP43,-6.6,CCOC(=O)CNc1nc(Nc2ccc(C)cc2)nc(OCc2cc3ccccc3oc2=O)n1
CHEMBL605451,TDP43,-6.578,OC[C@H]1OC(n2cnc3c(NCCc4ccccc4)nc(NCCc4ccccc4)nc32)[C@H](O)[C@@H]1O
CHEMBL1199671,TDP43,-6.573,Cc1ccnc(C2=CN(CCCCN3C(=O)c4ccccc4OC=C3Cl)CCC2)n1
CHEMBL7083,TDP43,-6.566,C/C(=C\Cn1oc(=O)[nH]c1=O)c1cccc(OCc2noc(-c3ccccc3)n2)c1
CHEMBL9084,TDP43,-6.564,COc1ccc([C@@H]2[C@@H](C(=O)O)[C@H](c3ccc4c(c3)OCO4)CN2C(=O)COc2ccc(F)cc2)cc1
CHEMBL6905,TDP43,-6.563,Nc1nc(O)nc2ccc(Sc3ccc4ccccc4c3)cc12
CHEMBL9010,TDP43,-6.551,Cc1cccc(NC(=O)NNc2nc3ccccc3c(=O)n2-c2ccc(Cl)cc2)c1
CHEMBL267740,TDP43,-6.517,CCCCc1oc2ccccc2c1Cc1cccc(/C(C)=C/Cn2oc(=O)[nH]c2=O)c1
CHEMBL6829,TDP43,-6.515,C#CCN(Cc1ccc2nc(C)nc(O)c2c1)c1ccc(C(=O)NCc2ccccc2)cc1
CHEMBL595064,TDP43,-6.514,COc1ccc(C2=NN(Cc3ccc(CN4CCC(=O)CC4)cc3)C(=O)[C@@H]3CC=CC[C@H]23)cc1OC
CHEMBL1085285,TDP43,-6.51,c1ccc(CN2CCC(CNc3n[nH]c4ccccc34)CC2)cc1
CHEMBL1474751,TDP43,-6.5,Cc1cccc(NC(=O)C2CCCN(c3ncnc4c3nc3n4CCCCC3)C2)n1
CHEMBL6967,TDP43,-6.5,Nc1nc(O)c2cc(S(=O)(=O)c3ccc4ccccc4c3)ccc2n1
CHEMBL9387,TDP43,-6.5,Cc1cccc(NC(=O)N[C@@H]2N=C(c3ccccc3)c3ccccc3N(C)C2=O)c1
CHEMBL7305,TDP43,-6.5,CCCc1cc(=O)oc2c3c(c4c(c12)OC(C)(C)C=C4)OC(C)(C)[C@H](C)C3=O
CHEMBL13828,TDP43,-6.5,O=c1[nH]c2ccccc2n1CCCN1CCN(C(c2ccccc2)c2ccccc2)CC1
CHEMBL7495,TDP43,-6.498,O=C(Oc1ccc2[nH]c(C(=O)c3cc4ccccc4[nH]3)cc2c1)c1cccnc1
CHEMBL7049,TDP43,-6.495,Cc1c(NC(=O)Cc2ccc3ccccc3c2)ccc2nc(N)nc(N)c12
CHEMBL9449,TDP43,-6.484,COC(=O)c1cccc(NC(=O)N[C@@H]2N=C(c3ccccc3)c3ccccc3N(C)C2=O)c1
CHEMBL9388,TDP43,-6.481,CCOC(=O)c1cccc(NC(=O)NNc2nc3ccccc3c(=O)n2-c2cccc3ccccc23)c1
CHEMBL7349,TDP43,-6.462,Cc1oc(-c2ccccc2)nc1COc1cccc(C#CC(C)n2oc(=O)[nH]c2=O)c1
CHEMBL6775,TDP43,-6.448,C#CCN(Cc1ccc2nc(C)nc(O)c2c1)c1ccc(C(=O)NCc2ccc([N+](=O)[O-])cc2)cc1
CHEMBL7176,TDP43,-6.434,Nc1nc(N)c2c(Cl)c(NC(=O)Cc3ccc4ccccc4c3)ccc2n1
CHEMBL7593,TDP43,-6.404,O=C(c1cc2ccccc2[nH]1)c1cc2cc(OCCN3CCCCC3)ccc2[nH]1
TRILACICLIB,TDP43,-6.4,CN1CCN(c2ccc(Nc3ncc4cc5n(c4n3)C3(CCCCC3)CNC5=O)nc2)CC1
CHEMBL7656,TDP43,-6.4,CN(C(=O)[C@H](Cc1ccc(C(=N)N)cc1)NS(=O)(=O)c1ccc2ccccc2c1)C1CCCC1
CHEMBL6897,TDP43,-6.4,Nc1nc(O)c2c(Sc3ccc4ccccc4c3)cccc2n1
CHEMBL8905,TDP43,-6.4,Cc1cccc(NC(=O)NNc2nc3ccccc3c(=O)n2-c2ccccc2)c1
CHEMBL7270,TDP43,-6.4,CCCc1cc(=O)oc2c3c(c4c(c12)OC(C)(C)C=C4)O[C@H](C)C(C)(C)C3=O
CHEMBL610630,TDP43,-6.4,CNC(=O)Nc1ccc(-c2nc(N3CC4CCC(C3)O4)c3cnn([C@H]4CC[C@H](O)CC4)c3n2)cc1
CHEMBL7256,TDP43,-6.4,COc1c(C)cc(C(=O)N2CCN(c3ncccc3NC(C)C)CC2)cc1C
CHEMBL9203,TDP43,-6.4,CC(C)Oc1cccc(-n2c(NNC(=O)Nc3cccc([N+](=O)[O-])c3)nc3ccccc3c2=O)c1
CHEMBL9501,TDP43,-6.4,CCOC(=O)c1cccc(NC(=O)NNc2nc3ccccc3c(=O)n2-c2cccc(F)c2)c1
CHEMBL9492,TDP43,-6.4,N#Cc1cccc(NC(=O)NNc2nc3ccccc3c(=O)n2-c2ccccc2)c1
CHEMBL6243,TDP43,-6.392,Cc1cc(C)c(C(=O)c2ccc(-n3ncc(=O)[nH]c3=O)cc2)c(C)c1
CHEMBL6726,TDP43,-6.384,Nc1nc(N)c2c([S+]([O-])c3ccc4ccccc4c3)cccc2n1
CHEMBL7860,TDP43,-6.374,CS(=O)(=O)N[C@H](CC1CCCCC1)C(=O)N1CCC[C@H]1C(=O)NCc1ccc(C(=N)N)cc1
CHEMBL4116093,TDP43,-6.373,O=C1c2cccc3c(-c4cc(=O)c5ccccc5o4)ccc(c23)C(=O)N1CCCCN1CCNCC1
