ligand,target,affinity,smiles
CHEMBL3309775,TDP43,-7.2,O=C(O)c1cn(Cc2ccccc2)c2ccc(Cc3ccccc3)cc2c1=O
CHEMBL9347,TDP43,-7.2,O=C1c2ccccc2CCCN1CCN1CCC(n2nnc3cc(F)ccc32)CC1
CHEMBL601104,TDP43,-7.1,Cc1ccc(Nc2cc(C)nc(N3CCN(C(=O)Nc4cccc(Cl)c4)CC3)n2)cc1
CHEMBL3309292,TDP43,-6.9,CC1(C)CC(=O)Nc2cc(C(=O)NCc3cccc(/C=C/C(=O)NO)c3)ccc21
CHEMBL6819,TDP43,-6.9,Cc1oc(-c2ccc(C(F)(F)F)cc2)nc1COc1cccc(C2CC2Cn2oc(=O)[nH]c2=O)c1
CHEMBL7198,TDP43,-6.9,CN(C(=O)[C@H](CC#Cc1ccc(N)nc1)NS(=O)(=O)c1ccc2ccccc2c1)C1CCCC1
CHEMBL8496,TDP43,-6.9,O=C(C[C@@H](Cc1ccc(-c2cccc(F)c2)cc1)C(=O)N[C@H]1c2ccccc2C[C@H]1O)NO
CHEMBL9532,TDP43,-6.9,Cc1cccc(NC(=O)NNc2nc3ccccc3c(=O)n2-c2cccc3ccccc23)c1
CHEMBL3311015,TDP43,-6.8,c1cc2cc(-c3ccc(-c4nc5ccc(C6=NCCN6)cc5[nH]4)cc3)[nH]c2cc1C1=NCCN1
CHEMBL7084,TDP43,-6.8,C/C(=C\Cn1oc(=O)[nH]c1=O)c1cccc(COc2cc(C(F)(F)F)cc(C(F)(F)F)c2)c1
CHEMBL7403,TDP43,-6.8,Nc1nc(N)c2cc(NC(=O)Cc3ccc4ccccc4c3)ccc2n1
CHEMBL9171,TDP43,-6.8,Cc1cccc(NC(=O)NNc2nc3ccccc3c(=O)n2-c2cccc(N(C)C)c2)c1
CHEMBL1076221,TDP43,-6.7,O=c1[nH]c2cnc(-n3cnc4ccccc43)nc2n1C1CCOc2ccc(Cl)cc21
CHEMBL3309822,TDP43,-6.7,O=S(=O)(c1ccccc1)N1N=C(C(F)(F)F)CC1c1ccc2ccccc2c1
CHEMBL4116116,TDP43,-6.7,COc1ccc(C(=O)C[n+]2c(C)n(Cc3c4c(cc5c3OCC5)OCC4)c3ccccc32)cc1
CHEMBL6293,TDP43,-6.7,O=c1cnn(-c2ccc(-c3ccc4oc5ccc(Cl)cc5c(=O)c4c3)cc2)c(=O)[nH]1
CHEMBL6748,TDP43,-6.7,C/C(=C\Cn1oc(=O)[nH]c1=O)c1cccc(OCc2coc(-c3ccc(C(F)(F)F)cc3)n2)c1
CHEMBL1210578,TDP43,-6.6,O=C(Cn1nc(C2CCC(F)(F)CC2)c2cnccc2c1=O)NC1Cc2ccccc2C1
CHEMBL155451,TDP43,-6.6,CS(=O)(=O)c1ccc(-c2cc3c(cc2C(=O)c2ccc(F)cc2)OCO3)cc1
CHEMBL1761221,TDP43,-6.6,CCCCN1C(=O)c2cccc3c(-n4cc(-c5ccccc5)nn4)ccc(c23)C1=O
CHEMBL3310332,TDP43,-6.6,Cc1cc(O)cc(-c2nn(C)cc2-c2cc(N3CCOCC3)nc(-c3cccnc3)n2)c1
CHEMBL3311449,TDP43,-6.6,O=C(Nc1cccc(Nc2nc(-c3ccccc3)c3cc[nH]c3n2)c1)N1CCCC1
CHEMBL439267,TDP43,-6.6,Cc1ccc(C(N)=O)cc1Nc1ncnc2c1cnn2-c1ccccc1
CHEMBL502237,TDP43,-6.6,CC1=C(C)C(=O)O[C@@H]([C@]2(C)OC(=O)[C@]34CC[C@H]5[C@@H](C[C@H]6O[C@]67[C@@H](O)CCC(=O)[C@]57C)[C@@H]3CC[C@H]24)C1
CHEMBL6925,TDP43,-6.6,Cc1oc(-c2ccc(C(F)(F)F)cc2)nc1COc1ccc2oc(Cn3oc(=O)[nH]c3=O)cc2c1
CHEMBL7550,TDP43,-6.6,CCc1nc2c(C)cc(C)nc2n1Cc1ccc(-c2ccccc2-c2nn[nH]n2)cc1
CHEMBL7748,TDP43,-6.6,Nc1nc2ccc(OCc3ccccc3)cc2c2nc(-c3ccco3)nn12
CHEMBL8891,TDP43,-6.6,O=C(c1ccc(-c2ccccc2)cc1)c1ccc2n1CCC2C(=O)O
CHEMBL9336,TDP43,-6.6,CCOC(=O)c1cccc(NC(=O)NNc2nc3ccccc3c(=O)n2-c2ccccc2)c1
CHEMBL4553134,TDP43,-6.5,O=c1n(Cc2ccc(Cl)cc2)nc2ccc(-c3ccccc3)nn12
CHEMBL6850,TDP43,-6.5,C#CCN(Cc1ccc2nc(C)nc(O)c2c1)c1ccc(C(=O)NCc2cccc(C(=O)O)c2)cc1
CHEMBL6967,TDP43,-6.5,Nc1nc(O)c2cc(S(=O)(=O)c3ccc4ccccc4c3)ccc2n1
CHEMBL7305,TDP43,-6.5,CCCc1cc(=O)oc2c3c(c4c(c12)OC(C)(C)C=C4)OC(C)(C)[C@H](C)C3=O
CHEMBL7360,TDP43,-6.5,C/C(=C\Cn1oc(=O)[nH]c1=O)c1cccc(OCc2ccc3c(Cl)cccc3c2)c1
CHEMBL9010,TDP43,-6.5,Cc1cccc(NC(=O)NNc2nc3ccccc3c(=O)n2-c2ccc(Cl)cc2)c1
CHEMBL9387,TDP43,-6.5,Cc1cccc(NC(=O)N[C@@H]2N=C(c3ccccc3)c3ccccc3N(C)C2=O)c1
CHEMBL1086063,TDP43,-6.4,NC(=O)c1ccc2c(ccn2CC(=O)COc2ccc(-c3ccccc3)cc2)c1
CHEMBL438329,TDP43,-6.4,C[C@H]1CC[C@@H](NCc2ccc3c(c2)Cc2c(-c4ccc(CC(=O)O)cc4)n[nH]c2-3)CC1
CHEMBL610630,TDP43,-6.4,CNC(=O)Nc1ccc(-c2nc(N3CC4CCC(C3)O4)c3cnn([C@H]4CC[C@H](O)CC4)c3n2)cc1
CHEMBL6897,TDP43,-6.4,Nc1nc(O)c2c(Sc3ccc4ccccc4c3)cccc2n1
CHEMBL7136,TDP43,-6.4,CC(=O)Nc1nc(O)c2cc(S(=O)(=O)c3ccc4ccccc4c3)ccc2n1
CHEMBL7256,TDP43,-6.4,COc1c(C)cc(C(=O)N2CCN(c3ncccc3NC(C)C)CC2)cc1C
CHEMBL7270,TDP43,-6.4,CCCc1cc(=O)oc2c3c(c4c(c12)OC(C)(C)C=C4)O[C@H](C)C(C)(C)C3=O
CHEMBL7656,TDP43,-6.4,CN(C(=O)[C@H](Cc1ccc(C(=N)N)cc1)NS(=O)(=O)c1ccc2ccccc2c1)C1CCCC1
CHEMBL8905,TDP43,-6.4,Cc1cccc(NC(=O)NNc2nc3ccccc3c(=O)n2-c2ccccc2)c1
CHEMBL9388,TDP43,-6.4,CCOC(=O)c1cccc(NC(=O)NNc2nc3ccccc3c(=O)n2-c2cccc3ccccc23)c1
