target,ligand,smiles,quimia,sitio,tipo_ensayo,cita,estructura_pdb,ligando_pdb,redocking_mejor_modo_A,redocking_mejor_puntuado_A,redocking_modos_le2A,redocking_veredicto,apto,nota
SOD1,isoproterenol,CC(C)NC[C@@H](c1ccc(c(c1)O)O)O,catecolamina,Trp32,union_directa,Wright et al. 2013 Nat Commun 4:1758,4A7T,5FW,0.48,0.48,6/27,RECUPERA,si,
SOD1,adrenalina,CNC[C@@H](c1ccc(c(c1)O)O)O,catecolamina,Trp32,union_directa,Wright et al. 2013 Nat Commun 4:1758,4A7U,ALE,0.69,0.72,4/27,RECUPERA,si,
SOD1,dopamina,c1cc(c(cc1CCN)O)O,catecolamina,Trp32,union_directa,Wright et al. 2013 Nat Commun 4:1758,4A7V,LDP,0.74,3.15,4/27,RECUPERA,si,
SOD1,5-fluorouridina,C1=C(C(=O)NC(=O)N1[C@H]2[C@@H]([C@@H]([C@H](O2)CO)O)O)F,nucleosido,Trp32,union_directa,Wright et al. 2013 Nat Commun 4:1758,4A7S,5UD,9.56,11.07,0/27,FALLA,si,"su pose depositada NO es un minimo del potencial (F...N de 2,07 A en una estructura de 1,06 A): no sirve como patron de medida"
SOD1,quinazolina_12I,CN1CCN(CC1)c2c3ccccc3ncn2,quinazolina,Trp32,union_directa,Wright et al. 2013 Nat Commun 4:1758,4A7G,12I,2.70,5.23,0/27,FALLA,si,
SOD1,diazepanoquinazolina_4MQ,CN1CCCN(CC1)c2c3ccccc3ncn2,quinazolina,Trp32,union_directa,Wright et al. 2013 Nat Commun 4:1758,4A7Q,4MQ,3.15,10.55,0/27,FALLA,si,
SOD1,cf3quinazolina_ZO0,CN1CCCN(CC1)c2c3ccccc3nc(n2)C(F)(F)F,quinazolina-CF3,Trp32,union_directa,Wright et al. 2013 (PDB 2WZ6),2WZ6,ZO0,1.43,5.77,1/27,RECUPERA,si,"recupera la pose en el modo 9, no en el que gana por energia"
SOD1,anilina_ZZT,Cc1ccc(c(c1)N)OC,anilina,Trp32,union_directa,Wright et al. 2013 (PDB 2WZ0),2WZ0,ZZT,3.60,4.36,0/27,FALLA,si,
SOD1,paliperidona_K4I,CC1=C(C(=O)N2CCC[C@H](C2=N1)O)CCN3CCC(CC3)c4c5ccc(cc5on4)F,benzisoxazol-piperidina,Trp32,union_directa,Aouti et al. 2023 Acta Cryst D79:531 (MST),8GSQ,K4I,3.25,6.88,0/27,FALLA,si,
SOD1,Lig9_6B3,c1ccc2c(c1)-c3ccc(cc3NC2=O)NC(=O)c4ccccc4c5ccccc5C(=O)O,fenantridinona,Trp32,union_directa,Manjula et al. 2019 (Lig9; PDB 6A9O),6A9O,6B3,4.75,5.03,0/27,FALLA,si,el ligando de 6A9O esta a medio resolver (24 de 33 atomos)
SOD1,naftalenoaminoalcohol_946,c1ccc2cc(ccc2c1)CNC[C@@H](c3ccc(c(c3)O)O)O,aminoalcohol naftenico,Trp32,"union_directa (co-cristal + SPR Kd 33,1 uM)","Manjula et al. 2018, FEBS Lett 592:1725 (SPR, Kd 33,1 uM; 5YTO es la estructura de ese trabajo)",5YTO,946,2.43,4.89,0/27,FALLA,si,
SOD1,LCS-1,CC1=CC(=CC=C1)N2C(=O)C(=C(C=N2)Cl)Cl,piridazinona,n/d,actividad celular; cribado previo del proyecto,Wright et al. 2013 / cribado previo del proyecto,,,,,,sin estructura,no,sin union medida: la actividad es celular y heredada
SOD1,PRG-A01,CC1(C(CC2=C(O1)C=C3C(=C2)C=CC(=O)O3)OC(=O)C=CC4=CC(=C(C=C4)O)OC)C,cumarina,n/d,actividad celular,Woo et al. 2021 (PRG-A01),,,,,,sin estructura,no,sin union medida
SOD1,CHEMBL2165613,O=c1cc(COc2cccc(-c3ccccc3)c2)[nH][nH]1,pirazolona (serie),n/d,actividad celular (serie),serie ChEMBL2165601-2165614 / 1643541-57,,,,,,sin estructura,no,es el representante UNICO de 18 analogos colapsados; no vale como evidencia de generalidad
TDP43,rTRD01,C1CC(CN(C1)C2=NC(=CN=C2)C(=O)N)(CC3=CC=C(C=C3)F)CO,piperidinil-pirimidina,RRM1 (y RRM2 por RMN),"union_directa (Kd 89,4 uM, MST + NMR)","François-Moutal 2019, ACS Chem Biol 14:2006 (Kd 89,4 uM, MST+NMR)",,,,,,,si,
TDP43,nTRD22,C1CC(CN(C1)CCNC(=O)C2=NOC(=C2)COC3=CC=CC(=C3)C(F)(F)F)O,isoxazol-piperidina,"NTD, alosterico","union_directa (Kd 145 uM, MST)","Mollasalehi 2020, ACS Chem Biol 15:2854 (Kd 145 uM)",,,,,,,si,
TDP43,fragmento_1,NC1CCCN(c2ncccn2)C1,fragmento,"RRM2 (G245, E246, H256, I257, S258)",union_directa (CSP de 15N-RRM),"Nshogoza 2019, IJMS 20:3230 (CSP de 15N-RRM)",,,,,,,si,SMILES leido del dibujo por OCR quimico (fragmentos_nshogoza.csv)
TDP43,fragmento_2,CC(N)c1cn2ncsc2n1,fragmento,RRM2 (mismos residuos),union_directa (CSP de 15N-RRM),"Nshogoza 2019, IJMS 20:3230 (CSP de 15N-RRM)",,,,,,,si,SMILES leido del dibujo por OCR quimico (fragmentos_nshogoza.csv)
TDP43,fragmento_3,N#Cc1cccnc1N1CCC(N)CC1,fragmento,RRM2 (mismos residuos),union_directa (CSP de 15N-RRM),"Nshogoza 2019, IJMS 20:3230 (CSP de 15N-RRM)",,,,,,,si,SMILES leido del dibujo por OCR quimico (fragmentos_nshogoza.csv)
TDP43,PE859,COC1=C(C=CC(=C1)OCC2=CC=CC=N2)C=CC3=CC(=NN3)C=CC4=CC5=C(C=C4)C=CN5,piridil-pirazol,interfaz RRM1-RRM2,union_directa (HEK + C. elegans),"Kapsiani 2026, PMC12918951 (union medida en HEK + C. elegans)",,,,,,,si,
TDP43,berberrubine,COC1=C(C2=C[N+]3=C(C=C2C=C1)C4=CC5=C(C=C4CC3)OCO5)O,bencilisoquinolina,interfaz RRM1-RRM2,union_directa (HEK + C. elegans),"Kapsiani 2026, PMC12918951 (union medida en HEK + C. elegans)",,,,,,,si,
TDP43,AIM4,,peptido,CTD,"funcional (agregacion, levadura)","Prasad 2016, Sci Rep 6:39490 (funcional, levadura)",,,,,,,no,sin union medida
TDP43,bis-ANS,C1=CC=C(C=C1)NC2=C3C(=C(C=C2)C4=C5C=CC=C(C5=C(C=C4)NC6=CC=CC=C6)S(=O)(=O)O)C=CC=C3S(=O)(=O)O,sonda fluorescente,CTD / LLPS,funcional (separacion de fases),"Babinchak 2020, Nat Commun 11:5574 (funcional, LLPS)",,,,,,,no,sin union medida
TDP43,ketoconazole,CC(=O)N1CCN(CC1)C2=CC=C(C=C2)OCC3COC(O3)(CN4C=CN=C4)C5=C(C=C(C=C5)Cl)Cl,aznol-imidazol,n/d,funcional (reduce agregacion),recogido en PLAN_TDP43_2026-09-20.md,,,,,,,no,sin union medida
TDP43,berberine,COC1=C(C2=C[N+]3=C(C=C2C=C1)C4=CC5=C(C=C4CC3)OCO5)OC,bencilisoquinolina,n/d,similitud (clon de berberrubina),recogido en PLAN_TDP43_2026-09-20.md,,,,,,,no,"entra por parecerse a la berberrubina, no por su propia medida"
TDP43,sanguinarine,C[N+]1=C2C(=C3C=CC4=C(C3=C1)OCO4)C=CC5=CC6=C(C=C52)OCO6,bencilisoquinolina,n/d,similitud,recogido en PLAN_TDP43_2026-09-20.md,,,,,,,no,entra por parecerse a la berberrubina
TDP43,cepharanthine,CN1CCC2=CC3=C(C4=C2C1CC5=CC=C(C=C5)OC6=C(C=CC(=C6)CC7C8=CC(=C(C=C8CCN7C)OC)O4)OC)OCO3,bisbencilisoquinolina,n/d,similitud,recogido en PLAN_TDP43_2026-09-20.md,,,,,,,no,entra por parecerse a la berberrubina
TDP43,epiberberine,COC1=C(C=C2C(=C1)CC[N+]3=C2C=C4C=CC5=C(C4=C3)OCO5)OC,bencilisoquinolina,n/d,similitud,recogido en PLAN_TDP43_2026-09-20.md,,,,,,,no,entra por parecerse a la berberrubina
TDP43,coptisine,C1C[N+]2=C(C=C3C=CC4=C(C3=C2)OCO4)C5=CC6=C(C=C51)OCO6,bencilisoquinolina,n/d,similitud,recogido en PLAN_TDP43_2026-09-20.md,,,,,,,no,entra por parecerse a la berberrubina
TDP43,nitidine,C[N+]1=CC2=CC(=C(C=C2C3=C1C4=CC5=C(C=C4C=C3)OCO5)OC)OC,benzoquinolizinio,n/d,similitud,recogido en PLAN_TDP43_2026-09-20.md,,,,,,,no,entra por parecerse a la berberrubina
TDP43,CongoRed,C1=CC=C2C(=C1)C(=CC(=C2N)N=NC3=CC=C(C=C3)C4=CC=C(C=C4)N=NC5=C(C6=CC=CC=C6C(=C5)S(=O)(=O)[O-])N)S(=O)(=O)[O-].[Na+].[Na+],diazo,CTD,funcional (sin union medida),recogido en PLAN_TDP43_2026-09-20.md,,,,,,,no,sin union medida
TDP43,XL20,CN(Cc1ccccc1)[C@H]1CCC[C@H](n2cnc3c(N)ncnc32)[C@H]1O,adenina-aminociclohexanol,"CR del C-terminal (320-340, Trp334)",union_directa (SPR micromolar aparente + CETSA),"Gao 2026, Nature Aging 6:1667 (SPR micromolar aparente + CETSA); Asinex BDF34019555",,,,,,,no,"union medida real pero de OTRO sitio: entra cuando se ataque el CR, no en la validacion de RRM. SMILES leido por OCR quimico (DECIMER 2.7.2) de la Figura Suplementaria 1a y contrastado con la descripcion del modelo de vision local (ver controles_tdp43_xl20.csv), sin contraste en bases de datos; XL21 y XL23 solo tienen actividad funcional, sin union medida"
FUS,Dehydroxymethylflazine,C1=CC=C2C(=C1)C3=CC(=NC(=C3N2)C4=CC=CO4)C(=O)O,,n/d,sin tipo de ensayo,sin literatura propia (ver ESTRATEGIA_AVANZAR_2026-09-20.md),,,,,,,no,FUS no tiene ligandos propios en la literatura: no es evaluable
FUS,CleroindicinC,C1CC2(CCOC2CC1=O)O,,n/d,sin tipo de ensayo,sin literatura propia (ver ESTRATEGIA_AVANZAR_2026-09-20.md),,,,,,,no,FUS no tiene ligandos propios en la literatura: no es evaluable
