ligand,target,energy,category
Amlodipine,SOD1,-0.02889,ARB
Amlodipine,TDP43,-0.02707,ARB
Cholecalciferol,SOD1,-0.01046,Vitamina C
Cholecalciferol,TDP43,-0.01044,Vitamina C
Atorvastatin,SOD1,-0.01038,PPAR-gamma
Sertraline,TDP43,-0.00701,ISRS
Sertraline,SOD1,-0.00701,ISRS
Vitamin_E,SOD1,-0.006777,Antioxidante
Masitinib,TDP43,-0.006192,KCNQ2/3
Fingolimod,TDP43,-0.005139,Quelante-hierro
Vitamin_E,TDP43,-0.00501,Antioxidante
Donepezil,SOD1,-0.003659,Alzheimer
Ezogabine,SOD1,-0.003451,HSP-coinducer
Teriflunomide,SOD1,-0.002847,NRF2-activador
Masitinib,SOD1,-0.002793,KCNQ2/3
Ceftriaxone,TDP43,-0.002736,Neuroprotector
Berberine,TDP43,-0.002703,Isoflavona
Fingolimod,SOD1,-0.00239,Quelante-hierro
Ceftriaxone,SOD1,-0.002008,Neuroprotector
TUDCA,TDP43,-0.00199,Energia-celular
Fluoxetine,SOD1,-0.001952,IBP
Donepezil,TDP43,-0.001796,Alzheimer
Simvastatin,SOD1,-0.001369,Estatina
Indomethacin,TDP43,-0.001306,AINE
Curcumin,TDP43,-0.001155,Inmunomodulador
Omeprazole,SOD1,-0.001131,Analgesico
Simvastatin,TDP43,-0.00109,Estatina
Fluoxetine,TDP43,-0.001074,IBP
Pregabalin,SOD1,-0.001009,Anticonvulsivo
Pregabalin,TDP43,-0.0008578,Anticonvulsivo
Epigallocatechin_gallate,SOD1,-0.0007052,Flavonoide
Celecoxib,TDP43,-0.0006887,Parkinson
Curcumin,SOD1,-0.0006667,Inmunomodulador
Ropinirole,TDP43,-0.0006195,Parkinson
Arimoclomol,TDP43,-0.0006192,Mineral
Baclofen,TDP43,-0.0005718,ELA-espasticidad
Alpha-Lipoic_Acid,TDP43,-0.0005286,Mitocondrial
Riboflavin,SOD1,-0.0004494,Neurohormona
Escitalopram,SOD1,-0.0004162,ISRS
Pioglitazone,TDP43,-0.0003622,AMPK-mTOR
Pioglitazone,SOD1,-0.0002844,AMPK-mTOR
Folic_Acid,TDP43,-0.0002744,Vitamina B6
Epigallocatechin_gallate,TDP43,-0.0001999,Flavonoide
Teriflunomide,TDP43,-0.000194,NRF2-activador
Prednisone,TDP43,-0.0001693,AINE
Selegiline,TDP43,-0.0001486,Parkinson
Thiamine,TDP43,-0.0001466,Vitamina B2
Thiamine,SOD1,-0.0001439,Vitamina B2
Rapamycin,SOD1,-0.000138,SERM
Cladribine,SOD1,-0.0001294,DHODH-inhibidor
AMX0035,SOD1,-0.0001289,TKI-mastocitos
Naproxen,SOD1,-0.000112,AINE
N-Acetylcysteine,SOD1,-9.392e-05,Corticoide
Sulforaphane,TDP43,-7.795e-05,Flavonoide
Dexamethasone,TDP43,-6.166e-05,Corticoide
Ibuprofen,SOD1,-5.172e-05,COX2
Arimoclomol,SOD1,-3.946e-05,Mineral
Melatonin,SOD1,-3.513e-05,Triterpeno
Aspirin,SOD1,-3.211e-05,CBD
Gabapentin,TDP43,-1.641e-05,ISRS
Dimethyl_Fumarate,TDP43,-1.624e-05,S1PR-modulador
Diclofenac,TDP43,-1.446e-05,AINE
Losartan,TDP43,-1.425e-05,ARB-PPAR
Pyridoxine,SOD1,-1.152e-05,Vitamina B1
Tizanidine,SOD1,-8.864e-06,ELA-espasticidad
Pramipexole,SOD1,-8.392e-06,Parkinson
Tizanidine,TDP43,-5.352e-06,ELA-espasticidad
Topiramate,SOD1,-5.225e-06,Anticonvulsivo
Fisetin,SOD1,-4.829e-06,Flavonoide
Ascorbic_Acid,SOD1,-4.461e-06,Vitamina B3
Resveratrol,SOD1,-3.862e-06,Antiinflamatorio
Minocycline,TDP43,-3.357e-06,Estatina
Rivastigmine,TDP43,-2.852e-06,Alzheimer
Ascorbic_Acid,TDP43,-2.705e-06,Vitamina B3
Topiramate,TDP43,-2.072e-06,Anticonvulsivo
Dimethyl_Fumarate,SOD1,-1.912e-06,S1PR-modulador
Cladribine,TDP43,-1.685e-06,DHODH-inhibidor
Rivastigmine,SOD1,-1.413e-06,Alzheimer
Pramipexole,TDP43,-8.166e-07,Parkinson
Rapamycin,TDP43,-7.645e-07,SERM
Naproxen,TDP43,-2.369e-07,AINE
Riluzole,TDP43,0.0,ELA
Riluzole,SOD1,0.0,ELA
Edaravone,TDP43,0.0,ELA
Edaravone,SOD1,0.0,ELA
Baclofen,SOD1,0.0,ELA-espasticidad
Memantine,TDP43,0.0,Alzheimer-NMDA
Memantine,SOD1,0.0,Alzheimer-NMDA
Rasagiline,TDP43,0.0,Alzheimer
Rasagiline,SOD1,0.0,Alzheimer
Levodopa,TDP43,0.0,Parkinson
Levodopa,SOD1,0.0,Parkinson
Ibuprofen,TDP43,0.0,COX2
Indomethacin,SOD1,0.0,AINE
Dexamethasone,SOD1,0.0,Corticoide
Metformin,TDP43,0.0,Antioxidante
Metformin,SOD1,0.0,Antioxidante
Rosiglitazone,TDP43,0.0,PPAR-gamma
Atorvastatin,TDP43,0.0,PPAR-gamma
Minocycline,SOD1,0.0,Estatina
Losartan,SOD1,0.0,ARB-PPAR
Tamoxifen,TDP43,0.0,Calcio-antagonista
Tamoxifen,SOD1,0.0,Calcio-antagonista
Thalidomide,TDP43,0.0,mTOR
Thalidomide,SOD1,0.0,mTOR
Lenalidomide,SOD1,0.0,Inmunomodulador
Resveratrol,TDP43,0.0,Antiinflamatorio
Quercetin,TDP43,0.0,Sirtuina
Quercetin,SOD1,0.0,Sirtuina
Genistein,TDP43,0.0,EGCG
Genistein,SOD1,0.0,EGCG
Berberine,SOD1,0.0,Isoflavona
Cannabidiol,SOD1,0.0,Alcaloide
Aspirin,TDP43,0.0,CBD
Paracetamol,TDP43,0.0,AINE
Paracetamol,SOD1,0.0,AINE
Lamotrigine,TDP43,0.0,Anticonvulsivo
Lamotrigine,SOD1,0.0,Anticonvulsivo
TUDCA,SOD1,0.0,Energia-celular
Ursolic_Acid,TDP43,0.0,Acido-biliar
Ursolic_Acid,SOD1,0.0,Acido-biliar
Melatonin,TDP43,0.0,Triterpeno
Riboflavin,TDP43,0.0,Neurohormona
Pyridoxine,TDP43,0.0,Vitamina B1
Folic_Acid,SOD1,0.0,Vitamina B6
Nicotinamide,TDP43,0.0,Vitamina B9
Nicotinamide,SOD1,0.0,Vitamina B9
Ezogabine,TDP43,0.0,HSP-coinducer
AMX0035,TDP43,0.0,TKI-mastocitos
Deferiprone,TDP43,0.0,Fenilbutirato-TUDCA
Deferiprone,SOD1,0.0,Fenilbutirato-TUDCA
Baicalein,TDP43,0.0,Purina-analogo
Baicalein,SOD1,0.0,Purina-analogo
Luteolin,TDP43,0.0,Flavonoide
Luteolin,SOD1,0.0,Flavonoide
Apigenin,SOD1,0.0,Flavonoide
Fisetin,TDP43,0.0,Flavonoide
Sulforaphane,SOD1,0.0,Flavonoide
Diclofenac,SOD1,4.211e-06,AINE
Prednisone,SOD1,4.435e-06,AINE
Lenalidomide,TDP43,4.825e-06,Inmunomodulador
Omeprazole,TDP43,1.074e-05,Analgesico
N-Acetylcysteine,TDP43,1.147e-05,Corticoide
Ropinirole,SOD1,1.163e-05,Parkinson
Cannabidiol,TDP43,6.499e-05,Alcaloide
Celecoxib,SOD1,9.376e-05,Parkinson
Alpha-Lipoic_Acid,SOD1,0.0001004,Mitocondrial
Apigenin,TDP43,0.0001201,Flavonoide
Rosiglitazone,SOD1,0.0001231,PPAR-gamma
Escitalopram,TDP43,0.0001681,ISRS
Selegiline,SOD1,0.0002028,Parkinson
Gabapentin,SOD1,0.0009515,ISRS
